id,area,value,unit,zb,updatetime
6530,北京市,18.43,万吨,粮食产量,2003
6550,天津市,35.91,万吨,粮食产量,2003
6570,河北省,1035.36,万吨,粮食产量,2003
6590,山西省,259.29,万吨,粮食产量,2003
6610,内蒙古自治区,0,万吨,粮食产量,2003
6630,辽宁省,44.3,万吨,粮食产量,2003
6650,吉林省,0,万吨,粮食产量,2003
6670,黑龙江省,0,万吨,粮食产量,2003
6690,上海市,10.3,万吨,粮食产量,2003
6710,江苏省,729.29,万吨,粮食产量,2003
6730,浙江省,39.99,万吨,粮食产量,2003
6750,安徽省,707.6,万吨,粮食产量,2003
6770,福建省,39.29,万吨,粮食产量,2003
6790,江西省,11.1,万吨,粮食产量,2003
6810,山东省,1565.3,万吨,粮食产量,2003
6830,河南省,2336.4,万吨,粮食产量,2003
6850,湖北省,255.65,万吨,粮食产量,2003
6870,湖南省,62.43,万吨,粮食产量,2003
6890,广东省,93.6,万吨,粮食产量,2003
6910,广西壮族自治区,14.6,万吨,粮食产量,2003
6930,海南省,15.28,万吨,粮食产量,2003
6950,重庆市,169,万吨,粮食产量,2003
6970,四川省,533.5,万吨,粮食产量,2003
6990,贵州省,200.4,万吨,粮食产量,2003
7010,云南省,244.55,万吨,粮食产量,2003
7030,西藏自治区,0,万吨,粮食产量,2003
7050,陕西省,440.6,万吨,粮食产量,2003
7070,甘肃省,333.31,万吨,粮食产量,2003
7090,青海省,0,万吨,粮食产量,2003
7110,宁夏回族自治区,83.7,万吨,粮食产量,2003
7130,新疆维吾尔自治区,358.43,万吨,粮食产量,2003
