id,area,value,unit,zb,updatetime
6529,北京市,20.26,万吨,粮食产量,2004
6549,天津市,37.8107,万吨,粮食产量,2004
6569,河北省,1069,万吨,粮食产量,2004
6589,山西省,240.3,万吨,粮食产量,2004
6609,内蒙古自治区,0,万吨,粮食产量,2004
6629,辽宁省,35.1,万吨,粮食产量,2004
6649,吉林省,0,万吨,粮食产量,2004
6669,黑龙江省,0,万吨,粮食产量,2004
6689,上海市,11.71,万吨,粮食产量,2004
6709,江苏省,807.24,万吨,粮食产量,2004
6729,浙江省,36.3,万吨,粮食产量,2004
6749,安徽省,848,万吨,粮食产量,2004
6769,福建省,37.63,万吨,粮食产量,2004
6789,江西省,9.1,万吨,粮食产量,2004
6809,山东省,1585,万吨,粮食产量,2004
6829,河南省,2520.98,万吨,粮食产量,2004
6849,湖北省,271.24,万吨,粮食产量,2004
6869,湖南省,62.4,万吨,粮食产量,2004
6889,广东省,92.4,万吨,粮食产量,2004
6909,广西壮族自治区,16.4,万吨,粮食产量,2004
6929,海南省,14.6,万吨,粮食产量,2004
6949,重庆市,167.2,万吨,粮食产量,2004
6969,四川省,548.2,万吨,粮食产量,2004
6989,贵州省,212.8,万吨,粮食产量,2004
7009,云南省,236.32,万吨,粮食产量,2004
7029,西藏自治区,0,万吨,粮食产量,2004
7049,陕西省,449,万吨,粮食产量,2004
7069,甘肃省,336.94,万吨,粮食产量,2004
7089,青海省,0,万吨,粮食产量,2004
7109,宁夏回族自治区,87.7,万吨,粮食产量,2004
7129,新疆维吾尔自治区,360.5,万吨,粮食产量,2004
