id,area,value,unit,zb,updatetime
6528,北京市,26.76,万吨,粮食产量,2005
6548,天津市,47.42,万吨,粮食产量,2005
6568,河北省,1165.97,万吨,粮食产量,2005
6588,山西省,205.54,万吨,粮食产量,2005
6608,内蒙古自治区,0,万吨,粮食产量,2005
6628,辽宁省,38.8,万吨,粮食产量,2005
6648,吉林省,0,万吨,粮食产量,2005
6668,黑龙江省,0,万吨,粮食产量,2005
6688,上海市,13.9,万吨,粮食产量,2005
6708,江苏省,844.42,万吨,粮食产量,2005
6728,浙江省,43.2,万吨,粮食产量,2005
6748,安徽省,865.2,万吨,粮食产量,2005
6768,福建省,38.31,万吨,粮食产量,2005
6788,江西省,9.1,万吨,粮食产量,2005
6808,山东省,1801.06,万吨,粮食产量,2005
6828,河南省,2609.21,万吨,粮食产量,2005
6848,湖北省,302.49,万吨,粮食产量,2005
6868,湖南省,63.4,万吨,粮食产量,2005
6888,广东省,94.06,万吨,粮食产量,2005
6908,广西壮族自治区,16.9,万吨,粮食产量,2005
6928,海南省,13.31,万吨,粮食产量,2005
6948,重庆市,172.93,万吨,粮食产量,2005
6968,四川省,565,万吨,粮食产量,2005
6988,贵州省,214.7,万吨,粮食产量,2005
7008,云南省,222.31,万吨,粮食产量,2005
7028,西藏自治区,0,万吨,粮食产量,2005
7048,陕西省,436.8,万吨,粮食产量,2005
7068,甘肃省,338.01,万吨,粮食产量,2005
7088,青海省,0,万吨,粮食产量,2005
7108,宁夏回族自治区,84.6,万吨,粮食产量,2005
7128,新疆维吾尔自治区,406.46,万吨,粮食产量,2005
