id,area,value,unit,zb,updatetime
6527,北京市,30.01,万吨,粮食产量,2006
6547,天津市,49.9,万吨,粮食产量,2006
6567,河北省,1203.39,万吨,粮食产量,2006
6587,山西省,243.73,万吨,粮食产量,2006
6607,内蒙古自治区,0,万吨,粮食产量,2006
6627,辽宁省,39.31,万吨,粮食产量,2006
6647,吉林省,0,万吨,粮食产量,2006
6667,黑龙江省,0,万吨,粮食产量,2006
6687,上海市,16.1,万吨,粮食产量,2006
6707,江苏省,1017.12,万吨,粮食产量,2006
6727,浙江省,32.09,万吨,粮食产量,2006
6747,安徽省,1060.23,万吨,粮食产量,2006
6767,福建省,30.8140053904726,万吨,粮食产量,2006
6787,江西省,7.8,万吨,粮食产量,2006
6807,山东省,2013.3,万吨,粮食产量,2006
6827,河南省,2950.25,万吨,粮食产量,2006
6847,湖北省,369.08,万吨,粮食产量,2006
6867,湖南省,37.4,万吨,粮食产量,2006
6887,广东省,93.25,万吨,粮食产量,2006
6907,广西壮族自治区,18.1,万吨,粮食产量,2006
6927,海南省,14.1,万吨,粮食产量,2006
6947,重庆市,153.8,万吨,粮食产量,2006
6967,四川省,578,万吨,粮食产量,2006
6987,贵州省,207.377809489832,万吨,粮食产量,2006
7007,云南省,220.61,万吨,粮食产量,2006
7027,西藏自治区,0,万吨,粮食产量,2006
7047,陕西省,429.39,万吨,粮食产量,2006
7067,甘肃省,339.12,万吨,粮食产量,2006
7087,青海省,0,万吨,粮食产量,2006
7107,宁夏回族自治区,87.61,万吨,粮食产量,2006
7127,新疆维吾尔自治区,414.08,万吨,粮食产量,2006
