id,area,value,unit,zb,updatetime
6515,北京市,5.3489986075,万吨,粮食产量,2018
6535,天津市,57.1300733,万吨,粮食产量,2018
6555,河北省,1466.474,万吨,粮食产量,2018
6575,山西省,229.8888,万吨,粮食产量,2018
6595,内蒙古自治区,0,万吨,粮食产量,2018
6615,辽宁省,0,万吨,粮食产量,2018
6635,吉林省,0,万吨,粮食产量,2018
6655,黑龙江省,0,万吨,粮食产量,2018
6675,上海市,13.958574,万吨,粮食产量,2018
6695,江苏省,1326.42,万吨,粮食产量,2018
6715,浙江省,51.084,万吨,粮食产量,2018
6735,安徽省,1607.51,万吨,粮食产量,2018
6755,福建省,21.6113,万吨,粮食产量,2018
6775,江西省,26.6,万吨,粮食产量,2018
6795,山东省,2472.23081032,万吨,粮食产量,2018
6815,河南省,3613.7,万吨,粮食产量,2018
6835,湖北省,467.6,万吨,粮食产量,2018
6855,湖南省,51.39,万吨,粮食产量,2018
6875,广东省,63.86,万吨,粮食产量,2018
6895,广西壮族自治区,21.3,万吨,粮食产量,2018
6915,海南省,8.78,万吨,粮食产量,2018
6935,重庆市,122.097045282467,万吨,粮食产量,2018
6955,四川省,419.5,万吨,粮食产量,2018
6975,贵州省,215.726,万吨,粮食产量,2018
6995,云南省,241.983345716962,万吨,粮食产量,2018
7015,西藏自治区,0,万吨,粮食产量,2018
7035,陕西省,438.31,万吨,粮食产量,2018
7055,甘肃省,320.97383250169,万吨,粮食产量,2018
7075,青海省,0,万吨,粮食产量,2018
7095,宁夏回族自治区,43.35,万吨,粮食产量,2018
7115,新疆维吾尔自治区,574.196531472117,万吨,粮食产量,2018
