id,area,value,unit,zb,updatetime
6514,北京市,4.5,万吨,粮食产量,2019
6534,天津市,60.5,万吨,粮食产量,2019
6554,河北省,1476.6,万吨,粮食产量,2019
6574,山西省,227.7,万吨,粮食产量,2019
6594,内蒙古自治区,0,万吨,粮食产量,2019
6614,辽宁省,0,万吨,粮食产量,2019
6634,吉林省,0,万吨,粮食产量,2019
6654,黑龙江省,0,万吨,粮食产量,2019
6674,上海市,6.2,万吨,粮食产量,2019
6694,江苏省,1356.6,万吨,粮食产量,2019
6714,浙江省,47.5,万吨,粮食产量,2019
6734,安徽省,1657,万吨,粮食产量,2019
6754,福建省,23.1,万吨,粮食产量,2019
6774,江西省,26.3,万吨,粮食产量,2019
6794,山东省,2553.3,万吨,粮食产量,2019
6814,河南省,3745.4,万吨,粮食产量,2019
6834,湖北省,457,万吨,粮食产量,2019
6854,湖南省,41.3,万吨,粮食产量,2019
6874,广东省,63.6,万吨,粮食产量,2019
6894,广西壮族自治区,20,万吨,粮食产量,2019
6914,海南省,9.9,万吨,粮食产量,2019
6934,重庆市,120.1,万吨,粮食产量,2019
6954,四川省,422.9,万吨,粮食产量,2019
6974,贵州省,233.9,万吨,粮食产量,2019
6994,云南省,243.6,万吨,粮食产量,2019
7014,西藏自治区,0,万吨,粮食产量,2019
7034,陕西省,420.3,万吨,粮食产量,2019
7054,甘肃省,327.5,万吨,粮食产量,2019
7074,青海省,0,万吨,粮食产量,2019
7094,宁夏回族自治区,36.2,万吨,粮食产量,2019
7114,新疆维吾尔自治区,579.3,万吨,粮食产量,2019
