id,area,value,unit,zb,updatetime
6513,北京市,0,万吨,粮食产量,2020
6533,天津市,0,万吨,粮食产量,2020
6553,河北省,0,万吨,粮食产量,2020
6573,山西省,0,万吨,粮食产量,2020
6593,内蒙古自治区,0,万吨,粮食产量,2020
6613,辽宁省,0,万吨,粮食产量,2020
6633,吉林省,0,万吨,粮食产量,2020
6653,黑龙江省,0,万吨,粮食产量,2020
6673,上海市,0,万吨,粮食产量,2020
6693,江苏省,0,万吨,粮食产量,2020
6713,浙江省,0,万吨,粮食产量,2020
6733,安徽省,0,万吨,粮食产量,2020
6753,福建省,0,万吨,粮食产量,2020
6773,江西省,0,万吨,粮食产量,2020
6793,山东省,0,万吨,粮食产量,2020
6813,河南省,0,万吨,粮食产量,2020
6833,湖北省,0,万吨,粮食产量,2020
6853,湖南省,0,万吨,粮食产量,2020
6873,广东省,0,万吨,粮食产量,2020
6893,广西壮族自治区,0,万吨,粮食产量,2020
6913,海南省,0,万吨,粮食产量,2020
6933,重庆市,0,万吨,粮食产量,2020
6953,四川省,0,万吨,粮食产量,2020
6973,贵州省,0,万吨,粮食产量,2020
6993,云南省,0,万吨,粮食产量,2020
7013,西藏自治区,0,万吨,粮食产量,2020
7033,陕西省,0,万吨,粮食产量,2020
7053,甘肃省,0,万吨,粮食产量,2020
7073,青海省,0,万吨,粮食产量,2020
7093,宁夏回族自治区,0,万吨,粮食产量,2020
7113,新疆维吾尔自治区,0,万吨,粮食产量,2020
