id,area,value,unit,zb,updatetime
6512,北京市,0,万吨,粮食产量,2021
6532,天津市,0,万吨,粮食产量,2021
6552,河北省,0,万吨,粮食产量,2021
6572,山西省,0,万吨,粮食产量,2021
6592,内蒙古自治区,0,万吨,粮食产量,2021
6612,辽宁省,0,万吨,粮食产量,2021
6632,吉林省,0,万吨,粮食产量,2021
6652,黑龙江省,0,万吨,粮食产量,2021
6672,上海市,0,万吨,粮食产量,2021
6692,江苏省,0,万吨,粮食产量,2021
6712,浙江省,0,万吨,粮食产量,2021
6732,安徽省,0,万吨,粮食产量,2021
6752,福建省,0,万吨,粮食产量,2021
6772,江西省,0,万吨,粮食产量,2021
6792,山东省,0,万吨,粮食产量,2021
6812,河南省,0,万吨,粮食产量,2021
6832,湖北省,0,万吨,粮食产量,2021
6852,湖南省,0,万吨,粮食产量,2021
6872,广东省,0,万吨,粮食产量,2021
6892,广西壮族自治区,0,万吨,粮食产量,2021
6912,海南省,0,万吨,粮食产量,2021
6932,重庆市,0,万吨,粮食产量,2021
6952,四川省,0,万吨,粮食产量,2021
6972,贵州省,0,万吨,粮食产量,2021
6992,云南省,0,万吨,粮食产量,2021
7012,西藏自治区,0,万吨,粮食产量,2021
7032,陕西省,0,万吨,粮食产量,2021
7052,甘肃省,0,万吨,粮食产量,2021
7072,青海省,0,万吨,粮食产量,2021
7092,宁夏回族自治区,0,万吨,粮食产量,2021
7112,新疆维吾尔自治区,0,万吨,粮食产量,2021
