id,area,value,unit,zb,updatetime
6511,北京市,0,万吨,粮食产量,2022
6531,天津市,0,万吨,粮食产量,2022
6551,河北省,0,万吨,粮食产量,2022
6571,山西省,0,万吨,粮食产量,2022
6591,内蒙古自治区,0,万吨,粮食产量,2022
6611,辽宁省,0,万吨,粮食产量,2022
6631,吉林省,0,万吨,粮食产量,2022
6651,黑龙江省,0,万吨,粮食产量,2022
6671,上海市,0,万吨,粮食产量,2022
6691,江苏省,0,万吨,粮食产量,2022
6711,浙江省,0,万吨,粮食产量,2022
6731,安徽省,0,万吨,粮食产量,2022
6751,福建省,0,万吨,粮食产量,2022
6771,江西省,0,万吨,粮食产量,2022
6791,山东省,0,万吨,粮食产量,2022
6811,河南省,0,万吨,粮食产量,2022
6831,湖北省,0,万吨,粮食产量,2022
6851,湖南省,0,万吨,粮食产量,2022
6871,广东省,0,万吨,粮食产量,2022
6891,广西壮族自治区,0,万吨,粮食产量,2022
6911,海南省,0,万吨,粮食产量,2022
6931,重庆市,0,万吨,粮食产量,2022
6951,四川省,0,万吨,粮食产量,2022
6971,贵州省,0,万吨,粮食产量,2022
6991,云南省,0,万吨,粮食产量,2022
7011,西藏自治区,0,万吨,粮食产量,2022
7031,陕西省,0,万吨,粮食产量,2022
7051,甘肃省,0,万吨,粮食产量,2022
7071,青海省,0,万吨,粮食产量,2022
7091,宁夏回族自治区,0,万吨,粮食产量,2022
7111,新疆维吾尔自治区,0,万吨,粮食产量,2022
