id,area,value,unit,zb,updatetime
7770,北京市,35.88,千公顷,粮食播种面积,2003
7790,天津市,78.3,千公顷,粮食播种面积,2003
7810,河北省,2232.93,千公顷,粮食播种面积,2003
7830,山西省,749.07,千公顷,粮食播种面积,2003
7850,内蒙古自治区,0,千公顷,粮食播种面积,2003
7870,辽宁省,107.066666666667,千公顷,粮食播种面积,2003
7890,吉林省,0,千公顷,粮食播种面积,2003
7910,黑龙江省,0,千公顷,粮食播种面积,2003
7930,上海市,31.47,千公顷,粮食播种面积,2003
7950,江苏省,1954.19,千公顷,粮食播种面积,2003
7970,浙江省,152.46,千公顷,粮食播种面积,2003
7990,安徽省,2189.5,千公顷,粮食播种面积,2003
8010,福建省,117.42,千公顷,粮食播种面积,2003
8030,江西省,85.6,千公顷,粮食播种面积,2003
8050,山东省,3106.1,千公顷,粮食播种面积,2003
8070,河南省,4896.67,千公顷,粮食播种面积,2003
8090,湖北省,965.02,千公顷,粮食播种面积,2003
8110,湖南省,265.46,千公顷,粮食播种面积,2003
8130,广东省,227.2,千公顷,粮食播种面积,2003
8150,广西壮族自治区,74.1,千公顷,粮食播种面积,2003
8170,海南省,47.71,千公顷,粮食播种面积,2003
8190,重庆市,657.9,千公顷,粮食播种面积,2003
8210,四川省,1772.93333333333,千公顷,粮食播种面积,2003
8230,贵州省,1069.1,千公顷,粮食播种面积,2003
8250,云南省,1194.47,千公顷,粮食播种面积,2003
8270,西藏自治区,0,千公顷,粮食播种面积,2003
8290,陕西省,1417.3,千公顷,粮食播种面积,2003
8310,甘肃省,1194.14,千公顷,粮食播种面积,2003
8330,青海省,0,千公顷,粮食播种面积,2003
8350,宁夏回族自治区,412.75,千公顷,粮食播种面积,2003
8370,新疆维吾尔自治区,699.8,千公顷,粮食播种面积,2003
