id,area,value,unit,zb,updatetime
7769,北京市,39.16,千公顷,粮食播种面积,2004
7789,天津市,78.9602,千公顷,粮食播种面积,2004
7809,河北省,2200.45,千公顷,粮食播种面积,2004
7829,山西省,674.34,千公顷,粮食播种面积,2004
7849,内蒙古自治区,0,千公顷,粮食播种面积,2004
7869,辽宁省,79.5,千公顷,粮食播种面积,2004
7889,吉林省,0,千公顷,粮食播种面积,2004
7909,黑龙江省,0,千公顷,粮食播种面积,2004
7929,上海市,32.52,千公顷,粮食播种面积,2004
7949,江苏省,1922.01,千公顷,粮食播种面积,2004
7969,浙江省,126.18,千公顷,粮食播种面积,2004
7989,安徽省,2220.93,千公顷,粮食播种面积,2004
8009,福建省,110.94,千公顷,粮食播种面积,2004
8029,江西省,70.67,千公顷,粮食播种面积,2004
8049,山东省,2969.15,千公顷,粮食播种面积,2004
8069,河南省,4938.67,千公顷,粮食播种面积,2004
8089,湖北省,942.22,千公顷,粮食播种面积,2004
8109,湖南省,258.9,千公顷,粮食播种面积,2004
8129,广东省,220.2,千公顷,粮食播种面积,2004
8149,广西壮族自治区,81,千公顷,粮食播种面积,2004
8169,海南省,44.85,千公顷,粮食播种面积,2004
8189,重庆市,614.1,千公顷,粮食播种面积,2004
8209,四川省,1798.7,千公顷,粮食播种面积,2004
8229,贵州省,1044.3,千公顷,粮食播种面积,2004
8249,云南省,1176.74,千公顷,粮食播种面积,2004
8269,西藏自治区,0,千公顷,粮食播种面积,2004
8289,陕西省,1324.9,千公顷,粮食播种面积,2004
8309,甘肃省,1156.3,千公顷,粮食播种面积,2004
8329,青海省,0,千公顷,粮食播种面积,2004
8349,宁夏回族自治区,343.53,千公顷,粮食播种面积,2004
8369,新疆维吾尔自治区,706.4,千公顷,粮食播种面积,2004
