id,area,value,unit,zb,updatetime
7768,北京市,53.4,千公顷,粮食播种面积,2005
7788,天津市,98.86,千公顷,粮食播种面积,2005
7808,河北省,2415.37,千公顷,粮食播种面积,2005
7828,山西省,746.45,千公顷,粮食播种面积,2005
7848,内蒙古自治区,0,千公顷,粮食播种面积,2005
7868,辽宁省,77.5,千公顷,粮食播种面积,2005
7888,吉林省,0,千公顷,粮食播种面积,2005
7908,黑龙江省,0,千公顷,粮食播种面积,2005
7928,上海市,41.17,千公顷,粮食播种面积,2005
7948,江苏省,1995.33,千公顷,粮食播种面积,2005
7968,浙江省,144.48,千公顷,粮食播种面积,2005
7988,安徽省,2268.5,千公顷,粮食播种面积,2005
8008,福建省,111.82,千公顷,粮食播种面积,2005
8028,江西省,70,千公顷,粮食播种面积,2005
8048,山东省,3279.93,千公顷,粮食播种面积,2005
8068,河南省,5027.33,千公顷,粮食播种面积,2005
8088,湖北省,1052.12,千公顷,粮食播种面积,2005
8108,湖南省,242.9,千公顷,粮食播种面积,2005
8128,广东省,220.8,千公顷,粮食播种面积,2005
8148,广西壮族自治区,80.2,千公顷,粮食播种面积,2005
8168,海南省,40.26,千公顷,粮食播种面积,2005
8188,重庆市,622.53,千公顷,粮食播种面积,2005
8208,四川省,1803.07,千公顷,粮食播种面积,2005
8228,贵州省,1059.38,千公顷,粮食播种面积,2005
8248,云南省,1188.93,千公顷,粮食播种面积,2005
8268,西藏自治区,0,千公顷,粮食播种面积,2005
8288,陕西省,1389.53333333333,千公顷,粮食播种面积,2005
8308,甘肃省,1216.61,千公顷,粮食播种面积,2005
8328,青海省,0,千公顷,粮食播种面积,2005
8348,宁夏回族自治区,328.52,千公顷,粮食播种面积,2005
8368,新疆维吾尔自治区,764.66,千公顷,粮食播种面积,2005
