id,area,value,unit,zb,updatetime
7767,北京市,63.07,千公顷,粮食播种面积,2006
7787,天津市,103.4,千公顷,粮食播种面积,2006
7807,河北省,2535.61,千公顷,粮食播种面积,2006
7827,山西省,687.35,千公顷,粮食播种面积,2006
7847,内蒙古自治区,0,千公顷,粮食播种面积,2006
7867,辽宁省,72.2,千公顷,粮食播种面积,2006
7887,吉林省,0,千公顷,粮食播种面积,2006
7907,黑龙江省,0,千公顷,粮食播种面积,2006
7927,上海市,43.91,千公顷,粮食播种面积,2006
7947,江苏省,2205.57333333333,千公顷,粮食播种面积,2006
7967,浙江省,99.68,千公顷,粮食播种面积,2006
7987,安徽省,2381.71,千公顷,粮食播种面积,2006
8007,福建省,91.0238,千公顷,粮食播种面积,2006
8027,江西省,57.721,千公顷,粮食播种面积,2006
8047,山东省,3557.52,千公顷,粮食播种面积,2006
8067,河南省,5242.71333333333,千公顷,粮食播种面积,2006
8087,湖北省,1244.83,千公顷,粮食播种面积,2006
8107,湖南省,133.5,千公顷,粮食播种面积,2006
8127,广东省,215.633333333333,千公顷,粮食播种面积,2006
8147,广西壮族自治区,83.2,千公顷,粮食播种面积,2006
8167,海南省,42.44,千公顷,粮食播种面积,2006
8187,重庆市,542.38,千公顷,粮食播种面积,2006
8207,四川省,1803,千公顷,粮食播种面积,2006
8227,贵州省,974.110086767896,千公顷,粮食播种面积,2006
8247,云南省,1105.5,千公顷,粮食播种面积,2006
8267,西藏自治区,0,千公顷,粮食播种面积,2006
8287,陕西省,1338.76,千公顷,粮食播种面积,2006
8307,甘肃省,1168.77,千公顷,粮食播种面积,2006
8327,青海省,0,千公顷,粮食播种面积,2006
8347,宁夏回族自治区,264.72,千公顷,粮食播种面积,2006
8367,新疆维吾尔自治区,788.2,千公顷,粮食播种面积,2006
