id,area,value,unit,zb,updatetime
7766,北京市,41.3528,千公顷,粮食播种面积,2007
7786,天津市,104.502422138934,千公顷,粮食播种面积,2007
7806,河北省,2441.04256564875,千公顷,粮食播种面积,2007
7826,山西省,720.764312442554,千公顷,粮食播种面积,2007
7846,内蒙古自治区,0,千公顷,粮食播种面积,2007
7866,辽宁省,0,千公顷,粮食播种面积,2007
7886,吉林省,0,千公顷,粮食播种面积,2007
7906,黑龙江省,0,千公顷,粮食播种面积,2007
7926,上海市,52.5562964363864,千公顷,粮食播种面积,2007
7946,江苏省,2273.08,千公顷,粮食播种面积,2007
7966,浙江省,138.777674690841,千公顷,粮食播种面积,2007
7986,安徽省,2424.46884540367,千公顷,粮食播种面积,2007
8006,福建省,69.5775842311803,千公顷,粮食播种面积,2007
8026,江西省,64.2582920717591,千公顷,粮食播种面积,2007
8046,山东省,3541.21832361903,千公顷,粮食播种面积,2007
8066,河南省,5266.74623880597,千公顷,粮食播种面积,2007
8086,湖北省,1297.23923568408,千公顷,粮食播种面积,2007
8106,湖南省,131.3,千公顷,粮食播种面积,2007
8126,广东省,206.199877726204,千公顷,粮食播种面积,2007
8146,广西壮族自治区,57.3314262972069,千公顷,粮食播种面积,2007
8166,海南省,71.0769458727302,千公顷,粮食播种面积,2007
8186,重庆市,528.476233869087,千公顷,粮食播种面积,2007
8206,四川省,1712.77518969639,千公顷,粮食播种面积,2007
8226,贵州省,815.646332326332,千公顷,粮食播种面积,2007
8246,云南省,1076.13475606458,千公顷,粮食播种面积,2007
8266,西藏自治区,0,千公顷,粮食播种面积,2007
8286,陕西省,1318.02570741092,千公顷,粮食播种面积,2007
8306,甘肃省,1152.74667812073,千公顷,粮食播种面积,2007
8326,青海省,0,千公顷,粮食播种面积,2007
8346,宁夏回族自治区,247.818373333333,千公顷,粮食播种面积,2007
8366,新疆维吾尔自治区,674.462208692181,千公顷,粮食播种面积,2007
