id,area,value,unit,zb,updatetime
7765,北京市,63.8998,千公顷,粮食播种面积,2008
7785,天津市,106.977198502247,千公顷,粮食播种面积,2008
7805,河北省,2451.71156370907,千公顷,粮食播种面积,2008
7825,山西省,692.857804105952,千公顷,粮食播种面积,2008
7845,内蒙古自治区,0,千公顷,粮食播种面积,2008
7865,辽宁省,0,千公顷,粮食播种面积,2008
7885,吉林省,0,千公顷,粮食播种面积,2008
7905,黑龙江省,0,千公顷,粮食播种面积,2008
7925,上海市,59.3091401430207,千公顷,粮食播种面积,2008
7945,江苏省,2330.26,千公顷,粮食播种面积,2008
7965,浙江省,141.133846768793,千公顷,粮食播种面积,2008
7985,安徽省,2465.99909196369,千公顷,粮食播种面积,2008
8005,福建省,66.6257020414451,千公顷,粮食播种面积,2008
8025,江西省,61.8286742265581,千公顷,粮食播种面积,2008
8045,山东省,3569.67827566361,千公顷,粮食播种面积,2008
8065,河南省,5319.96778340216,千公顷,粮食播种面积,2008
8085,湖北省,1191.6274798471,千公顷,粮食播种面积,2008
8105,湖南省,129.993333333333,千公顷,粮食播种面积,2008
8125,广东省,195.73138786812,千公顷,粮食播种面积,2008
8145,广西壮族自治区,58.868975887487,千公顷,粮食播种面积,2008
8165,海南省,63.4619442363873,千公顷,粮食播种面积,2008
8185,重庆市,493.202210213447,千公顷,粮食播种面积,2008
8205,四川省,1626.09185777461,千公顷,粮食播种面积,2008
8225,贵州省,819.75792017818,千公顷,粮食播种面积,2008
8245,云南省,1085.29248567378,千公顷,粮食播种面积,2008
8265,西藏自治区,0,千公顷,粮食播种面积,2008
8285,陕西省,1294.6054898963,千公顷,粮食播种面积,2008
8305,甘肃省,1142.35359630713,千公顷,粮食播种面积,2008
8325,青海省,0,千公顷,粮食播种面积,2008
8345,宁夏回族自治区,240.16068,千公顷,粮食播种面积,2008
8365,新疆维吾尔自治区,793.634140893791,千公顷,粮食播种面积,2008
