id,area,value,unit,zb,updatetime
7764,北京市,60.5682,千公顷,粮食播种面积,2009
7784,天津市,109.097788796115,千公顷,粮食播种面积,2009
7804,河北省,2418.50045428132,千公顷,粮食播种面积,2009
7824,山西省,709.375143458024,千公顷,粮食播种面积,2009
7844,内蒙古自治区,0,千公顷,粮食播种面积,2009
7864,辽宁省,0,千公顷,粮食播种面积,2009
7884,吉林省,0,千公顷,粮食播种面积,2009
7904,黑龙江省,0,千公顷,粮食播种面积,2009
7924,上海市,84.4127497401941,千公顷,粮食播种面积,2009
7944,江苏省,2356.5,千公顷,粮食播种面积,2009
7964,浙江省,150.157019392736,千公顷,粮食播种面积,2009
7984,安徽省,2520.1913520904,千公顷,粮食播种面积,2009
8004,福建省,68.7659635696202,千公顷,粮食播种面积,2009
8024,江西省,56.6291171400418,千公顷,粮食播种面积,2009
8044,山东省,3610.63486469481,千公顷,粮食播种面积,2009
8064,河南省,5351.21012828063,千公顷,粮食播种面积,2009
8084,湖北省,1201.46138160378,千公顷,粮食播种面积,2009
8104,湖南省,169.293333333333,千公顷,粮食播种面积,2009
8124,广东省,192.455084111598,千公顷,粮食播种面积,2009
8144,广西壮族自治区,61.6412759889571,千公顷,粮食播种面积,2009
8164,海南省,60.3847343172584,千公顷,粮食播种面积,2009
8184,重庆市,471.035807199719,千公顷,粮食播种面积,2009
8204,四川省,1537.31092002864,千公顷,粮食播种面积,2009
8224,贵州省,823.159458797144,千公顷,粮食播种面积,2009
8244,云南省,1067.69980896193,千公顷,粮食播种面积,2009
8264,西藏自治区,0,千公顷,粮食播种面积,2009
8284,陕西省,1291.65583053048,千公顷,粮食播种面积,2009
8304,甘肃省,1111.35480230337,千公顷,粮食播种面积,2009
8324,青海省,0,千公顷,粮食播种面积,2009
8344,宁夏回族自治区,247.350333333333,千公顷,粮食播种面积,2009
8364,新疆维吾尔自治区,1138.99387103396,千公顷,粮食播种面积,2009
