id,area,value,unit,zb,updatetime
7763,北京市,61.5853333333333,千公顷,粮食播种面积,2010
7783,天津市,109.3,千公顷,粮食播种面积,2010
7803,河北省,2472.74057596039,千公顷,粮食播种面积,2010
7823,山西省,699.136551216309,千公顷,粮食播种面积,2010
7843,内蒙古自治区,0,千公顷,粮食播种面积,2010
7863,辽宁省,0,千公顷,粮食播种面积,2010
7883,吉林省,0,千公顷,粮食播种面积,2010
7903,黑龙江省,0,千公顷,粮食播种面积,2010
7923,上海市,70.0668521553832,千公顷,粮食播种面积,2010
7943,江苏省,2404.11,千公顷,粮食播种面积,2010
7963,浙江省,150.199426334085,千公顷,粮食播种面积,2010
7983,安徽省,2572.54178864476,千公顷,粮食播种面积,2010
8003,福建省,66.3305109610733,千公顷,粮食播种面积,2010
8023,江西省,54.4245340609874,千公顷,粮食播种面积,2010
8043,山东省,3650.94997804402,千公顷,粮食播种面积,2010
8063,河南省,5390.69000037962,千公顷,粮食播种面积,2010
8083,湖北省,1232.27009070352,千公顷,粮食播种面积,2010
8103,湖南省,183.186666666667,千公顷,粮食播种面积,2010
8123,广东省,187.106902076806,千公顷,粮食播种面积,2010
8143,广西壮族自治区,96.2589240034973,千公顷,粮食播种面积,2010
8163,海南省,58.6741354737293,千公顷,粮食播种面积,2010
8183,重庆市,458.12357138007,千公顷,粮食播种面积,2010
8203,四川省,1470.81710495553,千公顷,粮食播种面积,2010
8223,贵州省,812.197304643597,千公顷,粮食播种面积,2010
8243,云南省,1041.73858602203,千公顷,粮食播种面积,2010
8263,西藏自治区,0,千公顷,粮食播种面积,2010
8283,陕西省,1282.17776198971,千公顷,粮食播种面积,2010
8303,甘肃省,1053.13798287332,千公顷,粮食播种面积,2010
8323,青海省,0,千公顷,粮食播种面积,2010
8343,宁夏回族自治区,240.60692,千公顷,粮食播种面积,2010
8363,新疆维吾尔自治区,1116.83766117042,千公顷,粮食播种面积,2010
