id,area,value,unit,zb,updatetime
7762,北京市,58.1447333333333,千公顷,粮食播种面积,2011
7782,天津市,110.421420934714,千公顷,粮食播种面积,2011
7802,河北省,2455.28583832058,千公顷,粮食播种面积,2011
7822,山西省,668.297039765999,千公顷,粮食播种面积,2011
7842,内蒙古自治区,0,千公顷,粮食播种面积,2011
7862,辽宁省,0,千公顷,粮食播种面积,2011
7882,吉林省,0,千公顷,粮食播种面积,2011
7902,黑龙江省,0,千公顷,粮食播种面积,2011
7922,上海市,79.8822267967941,千公顷,粮食播种面积,2011
7942,江苏省,2434.12333333333,千公顷,粮食播种面积,2011
7962,浙江省,154.991128371443,千公顷,粮食播种面积,2011
7982,安徽省,2625.4389511098,千公顷,粮食播种面积,2011
8002,福建省,63.6461604814059,千公顷,粮食播种面积,2011
8022,江西省,52.826739928046,千公顷,粮食播种面积,2011
8042,山东省,3705.23693225539,千公顷,粮食播种面积,2011
8062,河南省,5459.3521757918,千公顷,粮食播种面积,2011
8082,湖北省,1264.37969791271,千公顷,粮食播种面积,2011
8102,湖南省,176.54,千公顷,粮食播种面积,2011
8122,广东省,181.199612913308,千公顷,粮食播种面积,2011
8142,广西壮族自治区,96.653650879207,千公顷,粮食播种面积,2011
8162,海南省,57.4846316929151,千公顷,粮食播种面积,2011
8182,重庆市,443.650545136876,千公顷,粮食播种面积,2011
8202,四川省,1419.40600582413,千公顷,粮食播种面积,2011
8222,贵州省,872.928768973167,千公顷,粮食播种面积,2011
8242,云南省,1060.49176907695,千公顷,粮食播种面积,2011
8262,西藏自治区,0,千公顷,粮食播种面积,2011
8282,陕西省,1236.54383589428,千公顷,粮食播种面积,2011
8302,甘肃省,1032.20035477787,千公顷,粮食播种面积,2011
8322,青海省,0,千公顷,粮食播种面积,2011
8342,宁夏回族自治区,225.4262,千公顷,粮食播种面积,2011
8362,新疆维吾尔自治区,1080.37572133871,千公顷,粮食播种面积,2011
