id,area,value,unit,zb,updatetime
7761,北京市,52.2026,千公顷,粮食播种面积,2012
7781,天津市,110.888606796893,千公顷,粮食播种面积,2012
7801,河北省,2476.89943445221,千公顷,粮食播种面积,2012
7821,山西省,637.265977547038,千公顷,粮食播种面积,2012
7841,内蒙古自治区,0,千公顷,粮食播种面积,2012
7861,辽宁省,0,千公顷,粮食播种面积,2012
7881,吉林省,0,千公顷,粮食播种面积,2012
7901,黑龙江省,0,千公顷,粮食播种面积,2012
7921,上海市,81.905523337575,千公顷,粮食播种面积,2012
7941,江苏省,2480.42666666667,千公顷,粮食播种面积,2012
7961,浙江省,147.359032496038,千公顷,粮食播种面积,2012
7981,安徽省,2694.19559226585,千公顷,粮食播种面积,2012
8001,福建省,59.730091687952,千公顷,粮食播种面积,2012
8021,江西省,59.1308849668015,千公顷,粮食播种面积,2012
8041,山东省,3760.28337114096,千公顷,粮食播种面积,2012
8061,河南省,5494.65785502935,千公顷,粮食播种面积,2012
8081,湖北省,1305.64856053197,千公顷,粮食播种面积,2012
8101,湖南省,165.056666666667,千公顷,粮食播种面积,2012
8121,广东省,179.29245082599,千公顷,粮食播种面积,2012
8141,广西壮族自治区,101.958669406633,千公顷,粮食播种面积,2012
8161,海南省,55.167813210865,千公顷,粮食播种面积,2012
8181,重庆市,436.900672743378,千公顷,粮食播种面积,2012
8201,四川省,1369.67074738092,千公顷,粮食播种面积,2012
8221,贵州省,870.591117367345,千公顷,粮食播种面积,2012
8241,云南省,1047.57020821764,千公顷,粮食播种面积,2012
8261,西藏自治区,0,千公顷,粮食播种面积,2012
8281,陕西省,1227.06353740784,千公顷,粮食播种面积,2012
8301,甘肃省,965.26639997732,千公顷,粮食播种面积,2012
8321,青海省,0,千公顷,粮食播种面积,2012
8341,宁夏回族自治区,200.551226666667,千公顷,粮食播种面积,2012
8361,新疆维吾尔自治区,1061.71674818109,千公顷,粮食播种面积,2012
