id,area,value,unit,zb,updatetime
7760,北京市,36.2150666666667,千公顷,粮食播种面积,2013
7780,天津市,107.843963829818,千公顷,粮食播种面积,2013
7800,河北省,2450.34238517364,千公顷,粮食播种面积,2013
7820,山西省,609.940702598588,千公顷,粮食播种面积,2013
7840,内蒙古自治区,0,千公顷,粮食播种面积,2013
7860,辽宁省,0,千公顷,粮食播种面积,2013
7880,吉林省,0,千公顷,粮食播种面积,2013
7900,黑龙江省,0,千公顷,粮食播种面积,2013
7920,上海市,66.6937057392161,千公顷,粮食播种面积,2013
7940,江苏省,2498.65,千公顷,粮食播种面积,2013
7960,浙江省,147.142585701662,千公顷,粮食播种面积,2013
7980,安徽省,2754.13172209501,千公顷,粮食播种面积,2013
8000,福建省,56.7321308533708,千公顷,粮食播种面积,2013
8020,江西省,61.4845678353236,千公顷,粮食播种面积,2013
8040,山东省,3832.46120933067,千公顷,粮食播种面积,2013
8060,河南省,5543.70329486692,千公顷,粮食播种面积,2013
8080,湖北省,1344.31512955036,千公顷,粮食播种面积,2013
8100,湖南省,166.546666666667,千公顷,粮食播种面积,2013
8120,广东省,170.141632392293,千公顷,粮食播种面积,2013
8140,广西壮族自治区,115.9970362354,千公顷,粮食播种面积,2013
8160,海南省,52.4310680596192,千公顷,粮食播种面积,2013
8180,重庆市,428.19797009425,千公顷,粮食播种面积,2013
8200,四川省,1333.57136032141,千公顷,粮食播种面积,2013
8220,贵州省,856.065654522626,千公顷,粮食播种面积,2013
8240,云南省,1043.17246266381,千公顷,粮食播种面积,2013
8260,西藏自治区,0,千公顷,粮食播种面积,2013
8280,陕西省,1163.61723034134,千公顷,粮食播种面积,2013
8300,甘肃省,935.064353957508,千公顷,粮食播种面积,2013
8320,青海省,0,千公顷,粮食播种面积,2013
8340,宁夏回族自治区,166.4006,千公顷,粮食播种面积,2013
8360,新疆维吾尔自治区,1086.09572333569,千公顷,粮食播种面积,2013
