id,area,value,unit,zb,updatetime
7759,北京市,23.5842,千公顷,粮食播种面积,2014
7779,天津市,108,千公顷,粮食播种面积,2014
7799,河北省,2421.65903287789,千公顷,粮食播种面积,2014
7819,山西省,594.421136814867,千公顷,粮食播种面积,2014
7839,内蒙古自治区,0,千公顷,粮食播种面积,2014
7859,辽宁省,0,千公顷,粮食播种面积,2014
7879,吉林省,0,千公顷,粮食播种面积,2014
7899,黑龙江省,0,千公顷,粮食播种面积,2014
7919,上海市,66.7094629702228,千公顷,粮食播种面积,2014
7939,江苏省,2504.79666666667,千公顷,粮食播种面积,2014
7959,浙江省,156.089180728074,千公顷,粮食播种面积,2014
7979,安徽省,2753.94715665627,千公顷,粮食播种面积,2014
7999,福建省,53.955908881999,千公顷,粮食播种面积,2014
8019,江西省,59.1390262070256,千公顷,粮食播种面积,2014
8039,山东省,3926.0448151229,千公顷,粮食播种面积,2014
8059,河南省,5606.82569600215,千公顷,粮食播种面积,2014
8079,湖北省,1323.75146891903,千公顷,粮食播种面积,2014
8099,湖南省,172.012666666667,千公顷,粮食播种面积,2014
8119,广东省,163.796255237183,千公顷,粮食播种面积,2014
8139,广西壮族自治区,122.539725467143,千公顷,粮食播种面积,2014
8159,海南省,31.8015470655352,千公顷,粮食播种面积,2014
8179,重庆市,407.497937416235,千公顷,粮食播种面积,2014
8199,四川省,1274.75643961434,千公顷,粮食播种面积,2014
8219,贵州省,847.186195166027,千公顷,粮食播种面积,2014
8239,云南省,1018.76065751148,千公顷,粮食播种面积,2014
8259,西藏自治区,0,千公顷,粮食播种面积,2014
8279,陕西省,1139.42034539712,千公顷,粮食播种面积,2014
8299,甘肃省,909.315927499264,千公顷,粮食播种面积,2014
8319,青海省,0,千公顷,粮食播种面积,2014
8339,宁夏回族自治区,144.51708,千公顷,粮食播种面积,2014
8359,新疆维吾尔自治区,1121.48816504762,千公顷,粮食播种面积,2014
