id,area,value,unit,zb,updatetime
7758,北京市,20.7808666666667,千公顷,粮食播种面积,2015
7778,天津市,105.969874034914,千公顷,粮食播种面积,2015
7798,河北省,2413.47659164934,千公顷,粮食播种面积,2015
7818,山西省,585.005673241891,千公顷,粮食播种面积,2015
7838,内蒙古自治区,0,千公顷,粮食播种面积,2015
7858,辽宁省,0,千公顷,粮食播种面积,2015
7878,吉林省,0,千公顷,粮食播种面积,2015
7898,黑龙江省,0,千公顷,粮食播种面积,2015
7918,上海市,62.9737364056013,千公顷,粮食播种面积,2015
7938,江苏省,2539.05,千公顷,粮食播种面积,2015
7958,浙江省,161.128017271706,千公顷,粮食播种面积,2015
7978,安徽省,2858.76387473401,千公顷,粮食播种面积,2015
7998,福建省,51.4831352114348,千公顷,粮食播种面积,2015
8018,江西省,64.805464314496,千公顷,粮食播种面积,2015
8038,山东省,4036.32998238498,千公顷,粮食播种面积,2015
8058,河南省,5648.59909540008,千公顷,粮食播种面积,2015
8078,湖北省,1337.42102825555,千公顷,粮食播种面积,2015
8098,湖南省,157.542666666667,千公顷,粮食播种面积,2015
8118,广东省,159.431263146412,千公顷,粮食播种面积,2015
8138,广西壮族自治区,121.388822443888,千公顷,粮食播种面积,2015
8158,海南省,26.8988999671891,千公顷,粮食播种面积,2015
8178,重庆市,401.332294461074,千公顷,粮食播种面积,2015
8198,四川省,1199.76130713622,千公顷,粮食播种面积,2015
8218,贵州省,828.076378190359,千公顷,粮食播种面积,2015
8238,云南省,984.910339644107,千公顷,粮食播种面积,2015
8258,西藏自治区,0,千公顷,粮食播种面积,2015
8278,陕西省,1140.18469805129,千公顷,粮食播种面积,2015
8298,甘肃省,914.698191389583,千公顷,粮食播种面积,2015
8318,青海省,0,千公顷,粮食播种面积,2015
8338,宁夏回族自治区,139.33508,千公顷,粮食播种面积,2015
8358,新疆维吾尔自治区,1171.98474046411,千公顷,粮食播种面积,2015
