id,area,value,unit,zb,updatetime
7757,北京市,15.9584466666667,千公顷,粮食播种面积,2016
7777,天津市,107.290234,千公顷,粮食播种面积,2016
7797,河北省,2408.26536979764,千公顷,粮食播种面积,2016
7817,山西省,573.546666666668,千公顷,粮食播种面积,2016
7837,内蒙古自治区,0,千公顷,粮食播种面积,2016
7857,辽宁省,0,千公顷,粮食播种面积,2016
7877,吉林省,0,千公顷,粮食播种面积,2016
7897,黑龙江省,0,千公顷,粮食播种面积,2016
7917,上海市,45.9751746666667,千公顷,粮食播种面积,2016
7937,江苏省,2551.37273506667,千公顷,粮食播种面积,2016
7957,浙江省,145.322838904358,千公顷,粮食播种面积,2016
7977,安徽省,2888.13598466667,千公顷,粮食播种面积,2016
7997,福建省,49.0432160962567,千公顷,粮食播种面积,2016
8017,江西省,68.3129646666666,千公顷,粮食播种面积,2016
8037,山东省,4070,千公顷,粮食播种面积,2016
8057,河南省,5730.23988000667,千公顷,粮食播种面积,2016
8077,湖北省,1344.80774367259,千公顷,粮食播种面积,2016
8097,湖南省,126.186666666667,千公顷,粮食播种面积,2016
8117,广东省,138.882333333333,千公顷,粮食播种面积,2016
8137,广西壮族自治区,111.230153764316,千公顷,粮食播种面积,2016
8157,海南省,22.9951485315637,千公顷,粮食播种面积,2016
8177,重庆市,393.269037372686,千公顷,粮食播种面积,2016
8197,四川省,1147.8,千公顷,粮食播种面积,2016
8217,贵州省,786.177559701045,千公顷,粮食播种面积,2016
8237,云南省,985.434666931577,千公顷,粮食播种面积,2016
8257,西藏自治区,0,千公顷,粮食播种面积,2016
8277,陕西省,1118.77019588095,千公顷,粮食播种面积,2016
8297,甘肃省,878.571794666667,千公顷,粮食播种面积,2016
8317,青海省,0,千公顷,粮食播种面积,2016
8337,宁夏回族自治区,128.666666666667,千公顷,粮食播种面积,2016
8357,新疆维吾尔自治区,1218.50550642,千公顷,粮食播种面积,2016
