id,area,value,unit,zb,updatetime
7756,北京市,11.446,千公顷,粮食播种面积,2017
7776,天津市,108.76712855987,千公顷,粮食播种面积,2017
7796,河北省,2400.52667963337,千公顷,粮食播种面积,2017
7816,山西省,570.123664201475,千公顷,粮食播种面积,2017
7836,内蒙古自治区,0,千公顷,粮食播种面积,2017
7856,辽宁省,0,千公顷,粮食播种面积,2017
7876,吉林省,0,千公顷,粮食播种面积,2017
7896,黑龙江省,0,千公顷,粮食播种面积,2017
7916,上海市,24.5506168414967,千公顷,粮食播种面积,2017
7936,江苏省,2514.2,千公顷,粮食播种面积,2017
7956,浙江省,162.276091406585,千公顷,粮食播种面积,2017
7976,安徽省,2823.47055563319,千公顷,粮食播种面积,2017
7996,福建省,49.1690655351311,千公顷,粮食播种面积,2017
8016,江西省,69.5438809416593,千公顷,粮食播种面积,2017
8036,山东省,4086.10853076917,千公顷,粮食播种面积,2017
8056,河南省,5741.31161237698,千公顷,粮食播种面积,2017
8076,湖北省,1363.18766640501,千公顷,粮食播种面积,2017
8096,湖南省,135.94,千公顷,粮食播种面积,2017
8116,广东省,137.79,千公顷,粮食播种面积,2017
8136,广西壮族自治区,108.876061933333,千公顷,粮食播种面积,2017
8156,海南省,21.2655036266667,千公顷,粮食播种面积,2017
8176,重庆市,390.361435278268,千公顷,粮食播种面积,2017
8196,四川省,1135.33333333333,千公顷,粮食播种面积,2017
8216,贵州省,782.837881336175,千公顷,粮食播种面积,2017
8236,云南省,987.523984549534,千公顷,粮食播种面积,2017
8256,西藏自治区,0,千公顷,粮食播种面积,2017
8276,陕西省,1105.49735640489,千公顷,粮食播种面积,2017
8296,甘肃省,871.167536872346,千公顷,粮食播种面积,2017
8316,青海省,0,千公顷,粮食播种面积,2017
8336,宁夏回族自治区,133.8,千公顷,粮食播种面积,2017
8356,新疆维吾尔自治区,1128.05837386532,千公顷,粮食播种面积,2017
