id,area,value,unit,zb,updatetime
7755,北京市,10.1404,千公顷,粮食播种面积,2018
7775,天津市,110.839884333337,千公顷,粮食播种面积,2018
7795,河北省,2385.067,千公顷,粮食播种面积,2018
7815,山西省,569.193333333333,千公顷,粮食播种面积,2018
7835,内蒙古自治区,0,千公顷,粮食播种面积,2018
7855,辽宁省,0,千公顷,粮食播种面积,2018
7875,吉林省,0,千公顷,粮食播种面积,2018
7895,黑龙江省,0,千公顷,粮食播种面积,2018
7915,上海市,23.212858,千公顷,粮食播种面积,2018
7935,江苏省,2501.49,千公顷,粮食播种面积,2018
7955,浙江省,129.75,千公顷,粮食播种面积,2018
7975,安徽省,2876.31,千公顷,粮食播种面积,2018
7995,福建省,50.4759333333333,千公顷,粮食播种面积,2018
8015,江西省,70.2,千公顷,粮食播种面积,2018
8035,山东省,4059.95639166667,千公顷,粮食播种面积,2018
8055,河南省,5770.11,千公顷,粮食播种面积,2018
8075,湖北省,1321.33,千公顷,粮食播种面积,2018
8095,湖南省,123.7,千公顷,粮食播种面积,2018
8115,广东省,136.82,千公顷,粮食播种面积,2018
8135,广西壮族自治区,107.3,千公顷,粮食播种面积,2018
8155,海南省,20.62,千公顷,粮食播种面积,2018
8175,重庆市,385.073790139043,千公顷,粮食播种面积,2018
8195,四川省,1113.17,千公顷,粮食播种面积,2018
8215,贵州省,771.71,千公顷,粮食播种面积,2018
8235,云南省,977.075523922589,千公顷,粮食播种面积,2018
8255,西藏自治区,0,千公顷,粮食播种面积,2018
8275,陕西省,1108.293,千公顷,粮食播种面积,2018
8295,甘肃省,900.739274290332,千公顷,粮食播种面积,2018
8315,青海省,0,千公顷,粮食播种面积,2018
8335,宁夏回族自治区,143.12,千公顷,粮食播种面积,2018
8355,新疆维吾尔自治区,1037.19666666667,千公顷,粮食播种面积,2018
