id,area,value,unit,zb,updatetime
7754,北京市,8.2,千公顷,粮食播种面积,2019
7774,天津市,101.1,千公顷,粮食播种面积,2019
7794,河北省,2346.7,千公顷,粮食播种面积,2019
7814,山西省,554.8,千公顷,粮食播种面积,2019
7834,内蒙古自治区,0,千公顷,粮食播种面积,2019
7854,辽宁省,0,千公顷,粮食播种面积,2019
7874,吉林省,0,千公顷,粮食播种面积,2019
7894,黑龙江省,0,千公顷,粮食播种面积,2019
7914,上海市,10.9,千公顷,粮食播种面积,2019
7934,江苏省,2451.1,千公顷,粮食播种面积,2019
7954,浙江省,127.4,千公顷,粮食播种面积,2019
7974,安徽省,2836.4,千公顷,粮食播种面积,2019
7994,福建省,53.2,千公顷,粮食播种面积,2019
8014,江西省,70.2,千公顷,粮食播种面积,2019
8034,山东省,4002.7,千公顷,粮食播种面积,2019
8054,河南省,5718.7,千公顷,粮食播种面积,2019
8074,湖北省,1253.7,千公顷,粮食播种面积,2019
8094,湖南省,102.5,千公顷,粮食播种面积,2019
8114,广东省,135.9,千公顷,粮食播种面积,2019
8134,广西壮族自治区,104.6,千公顷,粮食播种面积,2019
8154,海南省,22.7,千公顷,粮食播种面积,2019
8174,重庆市,375.7,千公顷,粮食播种面积,2019
8194,四川省,1103.4,千公顷,粮食播种面积,2019
8214,贵州省,826.2,千公顷,粮食播种面积,2019
8234,云南省,974.1,千公顷,粮食播种面积,2019
8254,西藏自治区,0,千公顷,粮食播种面积,2019
8274,陕西省,1104.3,千公顷,粮食播种面积,2019
8294,甘肃省,881.3,千公顷,粮食播种面积,2019
8314,青海省,0,千公顷,粮食播种面积,2019
8334,宁夏回族自治区,119.3,千公顷,粮食播种面积,2019
8354,新疆维吾尔自治区,1068.9,千公顷,粮食播种面积,2019
