id,area,value,unit,zb,updatetime
7753,北京市,0,千公顷,粮食播种面积,2020
7773,天津市,0,千公顷,粮食播种面积,2020
7793,河北省,0,千公顷,粮食播种面积,2020
7813,山西省,0,千公顷,粮食播种面积,2020
7833,内蒙古自治区,0,千公顷,粮食播种面积,2020
7853,辽宁省,0,千公顷,粮食播种面积,2020
7873,吉林省,0,千公顷,粮食播种面积,2020
7893,黑龙江省,0,千公顷,粮食播种面积,2020
7913,上海市,0,千公顷,粮食播种面积,2020
7933,江苏省,0,千公顷,粮食播种面积,2020
7953,浙江省,0,千公顷,粮食播种面积,2020
7973,安徽省,0,千公顷,粮食播种面积,2020
7993,福建省,0,千公顷,粮食播种面积,2020
8013,江西省,0,千公顷,粮食播种面积,2020
8033,山东省,0,千公顷,粮食播种面积,2020
8053,河南省,0,千公顷,粮食播种面积,2020
8073,湖北省,0,千公顷,粮食播种面积,2020
8093,湖南省,0,千公顷,粮食播种面积,2020
8113,广东省,0,千公顷,粮食播种面积,2020
8133,广西壮族自治区,0,千公顷,粮食播种面积,2020
8153,海南省,0,千公顷,粮食播种面积,2020
8173,重庆市,0,千公顷,粮食播种面积,2020
8193,四川省,0,千公顷,粮食播种面积,2020
8213,贵州省,0,千公顷,粮食播种面积,2020
8233,云南省,0,千公顷,粮食播种面积,2020
8253,西藏自治区,0,千公顷,粮食播种面积,2020
8273,陕西省,0,千公顷,粮食播种面积,2020
8293,甘肃省,0,千公顷,粮食播种面积,2020
8313,青海省,0,千公顷,粮食播种面积,2020
8333,宁夏回族自治区,0,千公顷,粮食播种面积,2020
8353,新疆维吾尔自治区,0,千公顷,粮食播种面积,2020
