id,area,value,unit,zb,updatetime
7752,北京市,0,千公顷,粮食播种面积,2021
7772,天津市,0,千公顷,粮食播种面积,2021
7792,河北省,0,千公顷,粮食播种面积,2021
7812,山西省,0,千公顷,粮食播种面积,2021
7832,内蒙古自治区,0,千公顷,粮食播种面积,2021
7852,辽宁省,0,千公顷,粮食播种面积,2021
7872,吉林省,0,千公顷,粮食播种面积,2021
7892,黑龙江省,0,千公顷,粮食播种面积,2021
7912,上海市,0,千公顷,粮食播种面积,2021
7932,江苏省,0,千公顷,粮食播种面积,2021
7952,浙江省,0,千公顷,粮食播种面积,2021
7972,安徽省,0,千公顷,粮食播种面积,2021
7992,福建省,0,千公顷,粮食播种面积,2021
8012,江西省,0,千公顷,粮食播种面积,2021
8032,山东省,0,千公顷,粮食播种面积,2021
8052,河南省,0,千公顷,粮食播种面积,2021
8072,湖北省,0,千公顷,粮食播种面积,2021
8092,湖南省,0,千公顷,粮食播种面积,2021
8112,广东省,0,千公顷,粮食播种面积,2021
8132,广西壮族自治区,0,千公顷,粮食播种面积,2021
8152,海南省,0,千公顷,粮食播种面积,2021
8172,重庆市,0,千公顷,粮食播种面积,2021
8192,四川省,0,千公顷,粮食播种面积,2021
8212,贵州省,0,千公顷,粮食播种面积,2021
8232,云南省,0,千公顷,粮食播种面积,2021
8252,西藏自治区,0,千公顷,粮食播种面积,2021
8272,陕西省,0,千公顷,粮食播种面积,2021
8292,甘肃省,0,千公顷,粮食播种面积,2021
8312,青海省,0,千公顷,粮食播种面积,2021
8332,宁夏回族自治区,0,千公顷,粮食播种面积,2021
8352,新疆维吾尔自治区,0,千公顷,粮食播种面积,2021
