id,area,value,unit,zb,updatetime
7751,北京市,0,千公顷,粮食播种面积,2022
7771,天津市,0,千公顷,粮食播种面积,2022
7791,河北省,0,千公顷,粮食播种面积,2022
7811,山西省,0,千公顷,粮食播种面积,2022
7831,内蒙古自治区,0,千公顷,粮食播种面积,2022
7851,辽宁省,0,千公顷,粮食播种面积,2022
7871,吉林省,0,千公顷,粮食播种面积,2022
7891,黑龙江省,0,千公顷,粮食播种面积,2022
7911,上海市,0,千公顷,粮食播种面积,2022
7931,江苏省,0,千公顷,粮食播种面积,2022
7951,浙江省,0,千公顷,粮食播种面积,2022
7971,安徽省,0,千公顷,粮食播种面积,2022
7991,福建省,0,千公顷,粮食播种面积,2022
8011,江西省,0,千公顷,粮食播种面积,2022
8031,山东省,0,千公顷,粮食播种面积,2022
8051,河南省,0,千公顷,粮食播种面积,2022
8071,湖北省,0,千公顷,粮食播种面积,2022
8091,湖南省,0,千公顷,粮食播种面积,2022
8111,广东省,0,千公顷,粮食播种面积,2022
8131,广西壮族自治区,0,千公顷,粮食播种面积,2022
8151,海南省,0,千公顷,粮食播种面积,2022
8171,重庆市,0,千公顷,粮食播种面积,2022
8191,四川省,0,千公顷,粮食播种面积,2022
8211,贵州省,0,千公顷,粮食播种面积,2022
8231,云南省,0,千公顷,粮食播种面积,2022
8251,西藏自治区,0,千公顷,粮食播种面积,2022
8271,陕西省,0,千公顷,粮食播种面积,2022
8291,甘肃省,0,千公顷,粮食播种面积,2022
8311,青海省,0,千公顷,粮食播种面积,2022
8331,宁夏回族自治区,0,千公顷,粮食播种面积,2022
8351,新疆维吾尔自治区,0,千公顷,粮食播种面积,2022
