id,area,value,unit,zb,updatetime
9010,北京市,59,千公顷,受灾面积,2003
9030,天津市,142.5,千公顷,受灾面积,2003
9050,河北省,2998,千公顷,受灾面积,2003
9070,山西省,828.8,千公顷,受灾面积,2003
9090,内蒙古自治区,3227,千公顷,受灾面积,2003
9110,辽宁省,1169,千公顷,受灾面积,2003
9130,吉林省,1905,千公顷,受灾面积,2003
9150,黑龙江省,6659,千公顷,受灾面积,2003
9170,上海市,1.1,千公顷,受灾面积,2003
9190,江苏省,2863.7,千公顷,受灾面积,2003
9210,浙江省,612.8,千公顷,受灾面积,2003
9230,安徽省,3747.4,千公顷,受灾面积,2003
9250,福建省,1097,千公顷,受灾面积,2003
9270,江西省,1823,千公顷,受灾面积,2003
9290,山东省,2632,千公顷,受灾面积,2003
9310,河南省,4965,千公顷,受灾面积,2003
9330,湖北省,3099,千公顷,受灾面积,2003
9350,湖南省,2741,千公顷,受灾面积,2003
9370,广东省,1194.3,千公顷,受灾面积,2003
9390,广西壮族自治区,1831,千公顷,受灾面积,2003
9410,海南省,277,千公顷,受灾面积,2003
9430,重庆市,959,千公顷,受灾面积,2003
9450,四川省,2743,千公顷,受灾面积,2003
9470,贵州省,1060.1,千公顷,受灾面积,2003
9490,云南省,1493,千公顷,受灾面积,2003
9510,西藏自治区,4,千公顷,受灾面积,2003
9530,陕西省,2136,千公顷,受灾面积,2003
9550,甘肃省,1051,千公顷,受灾面积,2003
9570,青海省,174,千公顷,受灾面积,2003
9590,宁夏回族自治区,245.4,千公顷,受灾面积,2003
9610,新疆维吾尔自治区,767.7,千公顷,受灾面积,2003
