id,area,value,unit,zb,updatetime
9009,北京市,27.671,千公顷,受灾面积,2004
9029,天津市,74.537,千公顷,受灾面积,2004
9049,河北省,1756.7817,千公顷,受灾面积,2004
9069,山西省,947.40053,千公顷,受灾面积,2004
9089,内蒙古自治区,3216,千公顷,受灾面积,2004
9109,辽宁省,1249.94684,千公顷,受灾面积,2004
9129,吉林省,2549.53,千公顷,受灾面积,2004
9149,黑龙江省,3790.0803,千公顷,受灾面积,2004
9169,上海市,5.8,千公顷,受灾面积,2004
9189,江苏省,956.137,千公顷,受灾面积,2004
9209,浙江省,795.865,千公顷,受灾面积,2004
9229,安徽省,714.945,千公顷,受灾面积,2004
9249,福建省,671.32,千公顷,受灾面积,2004
9269,江西省,1121.78077,千公顷,受灾面积,2004
9289,山东省,2119.067,千公顷,受灾面积,2004
9309,河南省,2234.397,千公顷,受灾面积,2004
9329,湖北省,1550.26060100402,千公顷,受灾面积,2004
9349,湖南省,1129.417,千公顷,受灾面积,2004
9369,广东省,1070.8857,千公顷,受灾面积,2004
9389,广西壮族自治区,1995.184,千公顷,受灾面积,2004
9409,海南省,158.14,千公顷,受灾面积,2004
9429,重庆市,909.841,千公顷,受灾面积,2004
9449,四川省,1475.78373,千公顷,受灾面积,2004
9469,贵州省,698.418,千公顷,受灾面积,2004
9489,云南省,1132.5,千公顷,受灾面积,2004
9509,西藏自治区,43.24,千公顷,受灾面积,2004
9529,陕西省,1121.404,千公顷,受灾面积,2004
9549,甘肃省,2146.67688,千公顷,受灾面积,2004
9569,青海省,156.58,千公顷,受灾面积,2004
9589,宁夏回族自治区,544.9,千公顷,受灾面积,2004
9609,新疆维吾尔自治区,741.76613,千公顷,受灾面积,2004
