id,area,value,unit,zb,updatetime
9008,北京市,68.7,千公顷,受灾面积,2005
9028,天津市,121.7,千公顷,受灾面积,2005
9048,河北省,1126.6,千公顷,受灾面积,2005
9068,山西省,1764.9,千公顷,受灾面积,2005
9088,内蒙古自治区,1814.1466,千公顷,受灾面积,2005
9108,辽宁省,987.057,千公顷,受灾面积,2005
9128,吉林省,1023.1,千公顷,受灾面积,2005
9148,黑龙江省,2101.5,千公顷,受灾面积,2005
9168,上海市,84.7,千公顷,受灾面积,2005
9188,江苏省,1682.87,千公顷,受灾面积,2005
9208,浙江省,1180.722,千公顷,受灾面积,2005
9228,安徽省,2881.81,千公顷,受灾面积,2005
9248,福建省,946.19,千公顷,受灾面积,2005
9268,江西省,1425.623,千公顷,受灾面积,2005
9288,山东省,1779.8112,千公顷,受灾面积,2005
9308,河南省,2111.84,千公顷,受灾面积,2005
9328,湖北省,2580.3,千公顷,受灾面积,2005
9348,湖南省,2074.4,千公顷,受灾面积,2005
9368,广东省,869.096,千公顷,受灾面积,2005
9388,广西壮族自治区,1524.438,千公顷,受灾面积,2005
9408,海南省,728.2,千公顷,受灾面积,2005
9428,重庆市,773.137,千公顷,受灾面积,2005
9448,四川省,1593.744,千公顷,受灾面积,2005
9468,贵州省,757.9,千公顷,受灾面积,2005
9488,云南省,2585.169,千公顷,受灾面积,2005
9508,西藏自治区,43.218,千公顷,受灾面积,2005
9528,陕西省,1748.1373,千公顷,受灾面积,2005
9548,甘肃省,1332.916,千公顷,受灾面积,2005
9568,青海省,106.9,千公顷,受灾面积,2005
9588,宁夏回族自治区,482.8,千公顷,受灾面积,2005
9608,新疆维吾尔自治区,516.6,千公顷,受灾面积,2005
