id,area,value,unit,zb,updatetime
9007,北京市,73.7,千公顷,受灾面积,2006
9027,天津市,60.6,千公顷,受灾面积,2006
9047,河北省,2264.3,千公顷,受灾面积,2006
9067,山西省,1040.3,千公顷,受灾面积,2006
9087,内蒙古自治区,3560.4,千公顷,受灾面积,2006
9107,辽宁省,1116.6,千公顷,受灾面积,2006
9127,吉林省,1051.1,千公顷,受灾面积,2006
9147,黑龙江省,3330,千公顷,受灾面积,2006
9167,上海市,0,千公顷,受灾面积,2006
9187,江苏省,1713.6,千公顷,受灾面积,2006
9207,浙江省,379.3,千公顷,受灾面积,2006
9227,安徽省,1471.9,千公顷,受灾面积,2006
9247,福建省,938.8,千公顷,受灾面积,2006
9267,江西省,1255.5,千公顷,受灾面积,2006
9287,山东省,1880.11,千公顷,受灾面积,2006
9307,河南省,1585,千公顷,受灾面积,2006
9327,湖北省,2164.7,千公顷,受灾面积,2006
9347,湖南省,2235.1,千公顷,受灾面积,2006
9367,广东省,1271.5,千公顷,受灾面积,2006
9387,广西壮族自治区,1545.9,千公顷,受灾面积,2006
9407,海南省,47.1,千公顷,受灾面积,2006
9427,重庆市,1478.8,千公顷,受灾面积,2006
9447,四川省,2930.4,千公顷,受灾面积,2006
9467,贵州省,1018,千公顷,受灾面积,2006
9487,云南省,1534.9,千公顷,受灾面积,2006
9507,西藏自治区,24.7,千公顷,受灾面积,2006
9527,陕西省,1398.6,千公顷,受灾面积,2006
9547,甘肃省,2039.3,千公顷,受灾面积,2006
9567,青海省,323.6,千公顷,受灾面积,2006
9587,宁夏回族自治区,622.3,千公顷,受灾面积,2006
9607,新疆维吾尔自治区,735.3,千公顷,受灾面积,2006
