id,area,value,unit,zb,updatetime
9006,北京市,75.6333333333333,千公顷,受灾面积,2007
9026,天津市,105.933333333333,千公顷,受灾面积,2007
9046,河北省,2337.56666666667,千公顷,受灾面积,2007
9066,山西省,2403.5,千公顷,受灾面积,2007
9086,内蒙古自治区,3399.46666666667,千公顷,受灾面积,2007
9106,辽宁省,2392.8,千公顷,受灾面积,2007
9126,吉林省,3016,千公顷,受灾面积,2007
9146,黑龙江省,6652.6,千公顷,受灾面积,2007
9166,上海市,20.8,千公顷,受灾面积,2007
9186,江苏省,1642.03333333333,千公顷,受灾面积,2007
9206,浙江省,900.946666666667,千公顷,受灾面积,2007
9226,安徽省,1989.7,千公顷,受灾面积,2007
9246,福建省,328.81,千公顷,受灾面积,2007
9266,江西省,1319.98,千公顷,受灾面积,2007
9286,山东省,1865.36666666667,千公顷,受灾面积,2007
9306,河南省,2116,千公顷,受灾面积,2007
9326,湖北省,2789.56,千公顷,受灾面积,2007
9346,湖南省,2178.46666666667,千公顷,受灾面积,2007
9366,广东省,746.15,千公顷,受灾面积,2007
9386,广西壮族自治区,1125.69,千公顷,受灾面积,2007
9406,海南省,287.75,千公顷,受灾面积,2007
9426,重庆市,863.2,千公顷,受灾面积,2007
9446,四川省,2490.4,千公顷,受灾面积,2007
9466,贵州省,524.2,千公顷,受灾面积,2007
9486,云南省,1448.13333333333,千公顷,受灾面积,2007
9506,西藏自治区,28.4,千公顷,受灾面积,2007
9526,陕西省,1945.8,千公顷,受灾面积,2007
9546,甘肃省,2283.7,千公顷,受灾面积,2007
9566,青海省,152.366666666667,千公顷,受灾面积,2007
9586,宁夏回族自治区,611.3,千公顷,受灾面积,2007
9606,新疆维吾尔自治区,950.1,千公顷,受灾面积,2007
