id,area,value,unit,zb,updatetime
9005,北京市,30.8,千公顷,受灾面积,2008
9025,天津市,79.73,千公顷,受灾面积,2008
9045,河北省,1151.5,千公顷,受灾面积,2008
9065,山西省,2163.5,千公顷,受灾面积,2008
9085,内蒙古自治区,2496.7,千公顷,受灾面积,2008
9105,辽宁省,538.9,千公顷,受灾面积,2008
9125,吉林省,579.7,千公顷,受灾面积,2008
9145,黑龙江省,2367.08638095238,千公顷,受灾面积,2008
9165,上海市,20.977,千公顷,受灾面积,2008
9185,江苏省,497.04,千公顷,受灾面积,2008
9205,浙江省,1074.9,千公顷,受灾面积,2008
9225,安徽省,1277.1,千公顷,受灾面积,2008
9245,福建省,230.63,千公顷,受灾面积,2008
9265,江西省,2376.2,千公顷,受灾面积,2008
9285,山东省,672.25,千公顷,受灾面积,2008
9305,河南省,966.7,千公顷,受灾面积,2008
9325,湖北省,4032.8,千公顷,受灾面积,2008
9345,湖南省,4473.7,千公顷,受灾面积,2008
9365,广东省,1599.71,千公顷,受灾面积,2008
9385,广西壮族自治区,2305.698,千公顷,受灾面积,2008
9405,海南省,365.9,千公顷,受灾面积,2008
9425,重庆市,661.99,千公顷,受灾面积,2008
9445,四川省,1411.8169,千公顷,受灾面积,2008
9465,贵州省,1759.7,千公顷,受灾面积,2008
9485,云南省,1459.657,千公顷,受灾面积,2008
9505,西藏自治区,53.9427,千公顷,受灾面积,2008
9525,陕西省,1046.766,千公顷,受灾面积,2008
9545,甘肃省,1334.07,千公顷,受灾面积,2008
9565,青海省,122.3,千公顷,受灾面积,2008
9585,宁夏回族自治区,666.57,千公顷,受灾面积,2008
9605,新疆维吾尔自治区,2171.7,千公顷,受灾面积,2008
