id,area,value,unit,zb,updatetime
9004,北京市,14.6,千公顷,受灾面积,2009
9024,天津市,58.5333333333333,千公顷,受灾面积,2009
9044,河北省,2627.5,千公顷,受灾面积,2009
9064,山西省,1786.5,千公顷,受灾面积,2009
9084,内蒙古自治区,4770.36333333333,千公顷,受灾面积,2009
9104,辽宁省,2171.78666666667,千公顷,受灾面积,2009
9124,吉林省,2670.63,千公顷,受灾面积,2009
9144,黑龙江省,7393.7,千公顷,受灾面积,2009
9164,上海市,16.3,千公顷,受灾面积,2009
9184,江苏省,1202.6,千公顷,受灾面积,2009
9204,浙江省,463.313333333333,千公顷,受灾面积,2009
9224,安徽省,2101.32,千公顷,受灾面积,2009
9244,福建省,265.693333333333,千公顷,受灾面积,2009
9264,江西省,1351.67666666667,千公顷,受灾面积,2009
9284,山东省,2341.87,千公顷,受灾面积,2009
9304,河南省,2987.35333333333,千公顷,受灾面积,2009
9324,湖北省,1827.1,千公顷,受灾面积,2009
9344,湖南省,1824.87,千公顷,受灾面积,2009
9364,广东省,643.3,千公顷,受灾面积,2009
9384,广西壮族自治区,1109.61,千公顷,受灾面积,2009
9404,海南省,119.9,千公顷,受灾面积,2009
9424,重庆市,495.1,千公顷,受灾面积,2009
9444,四川省,1598.76333333333,千公顷,受灾面积,2009
9464,贵州省,779.866666666667,千公顷,受灾面积,2009
9484,云南省,1667.52333333333,千公顷,受灾面积,2009
9504,西藏自治区,53.04,千公顷,受灾面积,2009
9524,陕西省,1220.66666666667,千公顷,受灾面积,2009
9544,甘肃省,1880.79666666667,千公顷,受灾面积,2009
9564,青海省,159.58,千公顷,受灾面积,2009
9584,宁夏回族自治区,365.533333333333,千公顷,受灾面积,2009
9604,新疆维吾尔自治区,1244.3,千公顷,受灾面积,2009
