id,area,value,unit,zb,updatetime
9003,北京市,3.1,千公顷,受灾面积,2010
9023,天津市,33.3,千公顷,受灾面积,2010
9043,河北省,1527.4,千公顷,受灾面积,2010
9063,山西省,1395.7,千公顷,受灾面积,2010
9083,内蒙古自治区,2032.7,千公顷,受灾面积,2010
9103,辽宁省,755.6,千公顷,受灾面积,2010
9123,吉林省,896.1,千公顷,受灾面积,2010
9143,黑龙江省,1432.2,千公顷,受灾面积,2010
9163,上海市,0,千公顷,受灾面积,2010
9183,江苏省,648.4,千公顷,受灾面积,2010
9203,浙江省,282.5,千公顷,受灾面积,2010
9223,安徽省,1751.6,千公顷,受灾面积,2010
9243,福建省,605.1,千公顷,受灾面积,2010
9263,江西省,2075.2,千公顷,受灾面积,2010
9283,山东省,2582.3,千公顷,受灾面积,2010
9303,河南省,1568.1,千公顷,受灾面积,2010
9323,湖北省,2465.5,千公顷,受灾面积,2010
9343,湖南省,2841.3,千公顷,受灾面积,2010
9363,广东省,724.3,千公顷,受灾面积,2010
9383,广西壮族自治区,1664.5,千公顷,受灾面积,2010
9403,海南省,306.2,千公顷,受灾面积,2010
9423,重庆市,574.5,千公顷,受灾面积,2010
9443,四川省,2324,千公顷,受灾面积,2010
9463,贵州省,1681,千公顷,受灾面积,2010
9483,云南省,3215,千公顷,受灾面积,2010
9503,西藏自治区,51.3,千公顷,受灾面积,2010
9523,陕西省,1121.5,千公顷,受灾面积,2010
9543,甘肃省,1304.1,千公顷,受灾面积,2010
9563,青海省,111.3,千公顷,受灾面积,2010
9583,宁夏回族自治区,145.4,千公顷,受灾面积,2010
9603,新疆维吾尔自治区,1306.7,千公顷,受灾面积,2010
