id,area,value,unit,zb,updatetime
9002,北京市,56.1,千公顷,受灾面积,2011
9022,天津市,8.1,千公顷,受灾面积,2011
9042,河北省,1383.3,千公顷,受灾面积,2011
9062,山西省,1015,千公顷,受灾面积,2011
9082,内蒙古自治区,2036.6,千公顷,受灾面积,2011
9102,辽宁省,450.2,千公顷,受灾面积,2011
9122,吉林省,616.4,千公顷,受灾面积,2011
9142,黑龙江省,1536.8,千公顷,受灾面积,2011
9162,上海市,24.3,千公顷,受灾面积,2011
9182,江苏省,1032.1,千公顷,受灾面积,2011
9202,浙江省,431.1,千公顷,受灾面积,2011
9222,安徽省,1317.2,千公顷,受灾面积,2011
9242,福建省,133.1,千公顷,受灾面积,2011
9262,江西省,1075.3,千公顷,受灾面积,2011
9282,山东省,2117.2,千公顷,受灾面积,2011
9302,河南省,1477.6,千公顷,受灾面积,2011
9322,湖北省,2580,千公顷,受灾面积,2011
9342,湖南省,2374.8,千公顷,受灾面积,2011
9362,广东省,501.7,千公顷,受灾面积,2011
9382,广西壮族自治区,1437.9,千公顷,受灾面积,2011
9402,海南省,516.6,千公顷,受灾面积,2011
9422,重庆市,816,千公顷,受灾面积,2011
9442,四川省,1528.2,千公顷,受灾面积,2011
9462,贵州省,2570.2,千公顷,受灾面积,2011
9482,云南省,1989.3,千公顷,受灾面积,2011
9502,西藏自治区,17.8,千公顷,受灾面积,2011
9522,陕西省,762.5,千公顷,受灾面积,2011
9542,甘肃省,1266.6,千公顷,受灾面积,2011
9562,青海省,285.5,千公顷,受灾面积,2011
9582,宁夏回族自治区,434.7,千公顷,受灾面积,2011
9602,新疆维吾尔自治区,678.3,千公顷,受灾面积,2011
