id,area,value,unit,zb,updatetime
9001,北京市,71.2,千公顷,受灾面积,2012
9021,天津市,133.6,千公顷,受灾面积,2012
9041,河北省,1329,千公顷,受灾面积,2012
9061,山西省,931,千公顷,受灾面积,2012
9081,内蒙古自治区,2060.7,千公顷,受灾面积,2012
9101,辽宁省,355.4,千公顷,受灾面积,2012
9121,吉林省,632.8,千公顷,受灾面积,2012
9141,黑龙江省,2429.4,千公顷,受灾面积,2012
9161,上海市,14.7,千公顷,受灾面积,2012
9181,江苏省,697.5,千公顷,受灾面积,2012
9201,浙江省,554.2,千公顷,受灾面积,2012
9221,安徽省,1152.5,千公顷,受灾面积,2012
9241,福建省,159.3,千公顷,受灾面积,2012
9261,江西省,673.5,千公顷,受灾面积,2012
9281,山东省,1822.6,千公顷,受灾面积,2012
9301,河南省,1388.8,千公顷,受灾面积,2012
9321,湖北省,1718.7,千公顷,受灾面积,2012
9341,湖南省,1233.9,千公顷,受灾面积,2012
9361,广东省,417.2,千公顷,受灾面积,2012
9381,广西壮族自治区,575,千公顷,受灾面积,2012
9401,海南省,60.5,千公顷,受灾面积,2012
9421,重庆市,405.4,千公顷,受灾面积,2012
9441,四川省,943.9,千公顷,受灾面积,2012
9461,贵州省,542.1,千公顷,受灾面积,2012
9481,云南省,1578.3,千公顷,受灾面积,2012
9501,西藏自治区,14.4,千公顷,受灾面积,2012
9521,陕西省,508.9,千公顷,受灾面积,2012
9541,甘肃省,1016.5,千公顷,受灾面积,2012
9561,青海省,154.9,千公顷,受灾面积,2012
9581,宁夏回族自治区,260.3,千公顷,受灾面积,2012
9601,新疆维吾尔自治区,1125.8,千公顷,受灾面积,2012
