id,area,value,unit,zb,updatetime
9000,北京市,26.9,千公顷,受灾面积,2013
9020,天津市,7.8,千公顷,受灾面积,2013
9040,河北省,1106.5,千公顷,受灾面积,2013
9060,山西省,1592.4,千公顷,受灾面积,2013
9080,内蒙古自治区,1733.1,千公顷,受灾面积,2013
9100,辽宁省,450.5,千公顷,受灾面积,2013
9120,吉林省,623.2,千公顷,受灾面积,2013
9140,黑龙江省,2734.1,千公顷,受灾面积,2013
9160,上海市,28,千公顷,受灾面积,2013
9180,江苏省,487.1,千公顷,受灾面积,2013
9200,浙江省,1326.9,千公顷,受灾面积,2013
9220,安徽省,1769.7,千公顷,受灾面积,2013
9240,福建省,276.8,千公顷,受灾面积,2013
9260,江西省,1049.1,千公顷,受灾面积,2013
9280,山东省,1461.7,千公顷,受灾面积,2013
9300,河南省,1179.9,千公顷,受灾面积,2013
9320,湖北省,2487.9,千公顷,受灾面积,2013
9340,湖南省,3047.2,千公顷,受灾面积,2013
9360,广东省,1134.5,千公顷,受灾面积,2013
9380,广西壮族自治区,694.4,千公顷,受灾面积,2013
9400,海南省,164.7,千公顷,受灾面积,2013
9420,重庆市,455.3,千公顷,受灾面积,2013
9440,四川省,1602.9,千公顷,受灾面积,2013
9460,贵州省,1522.4,千公顷,受灾面积,2013
9480,云南省,1231.1,千公顷,受灾面积,2013
9500,西藏自治区,22.1,千公顷,受灾面积,2013
9520,陕西省,813.4,千公顷,受灾面积,2013
9540,甘肃省,1282.9,千公顷,受灾面积,2013
9560,青海省,171.2,千公顷,受灾面积,2013
9580,宁夏回族自治区,301.3,千公顷,受灾面积,2013
9600,新疆维吾尔自治区,564.8,千公顷,受灾面积,2013
