id,area,value,unit,zb,updatetime
8999,北京市,53.3,千公顷,受灾面积,2014
9019,天津市,10.3,千公顷,受灾面积,2014
9039,河北省,1435.7,千公顷,受灾面积,2014
9059,山西省,1173.5,千公顷,受灾面积,2014
9079,内蒙古自治区,1878.3,千公顷,受灾面积,2014
9099,辽宁省,1931.4,千公顷,受灾面积,2014
9119,吉林省,689.3,千公顷,受灾面积,2014
9139,黑龙江省,810,千公顷,受灾面积,2014
9159,上海市,0,千公顷,受灾面积,2014
9179,江苏省,554.1,千公顷,受灾面积,2014
9199,浙江省,204,千公顷,受灾面积,2014
9219,安徽省,641.3,千公顷,受灾面积,2014
9239,福建省,102.6,千公顷,受灾面积,2014
9259,江西省,487.1,千公顷,受灾面积,2014
9279,山东省,886.1,千公顷,受灾面积,2014
9299,河南省,1905.2,千公顷,受灾面积,2014
9319,湖北省,1058.8,千公顷,受灾面积,2014
9339,湖南省,1136.1,千公顷,受灾面积,2014
9359,广东省,842.4,千公顷,受灾面积,2014
9379,广西壮族自治区,1212.7,千公顷,受灾面积,2014
9399,海南省,309.4,千公顷,受灾面积,2014
9419,重庆市,280.9,千公顷,受灾面积,2014
9439,四川省,919.3,千公顷,受灾面积,2014
9459,贵州省,626.7,千公顷,受灾面积,2014
9479,云南省,882,千公顷,受灾面积,2014
9499,西藏自治区,12.9,千公顷,受灾面积,2014
9519,陕西省,772.2,千公顷,受灾面积,2014
9539,甘肃省,1618.4,千公顷,受灾面积,2014
9559,青海省,169.8,千公顷,受灾面积,2014
9579,宁夏回族自治区,438.3,千公顷,受灾面积,2014
9599,新疆维吾尔自治区,1848.6,千公顷,受灾面积,2014
