id,area,value,unit,zb,updatetime
8998,北京市,6.2,千公顷,受灾面积,2015
9018,天津市,0,千公顷,受灾面积,2015
9038,河北省,1798.8,千公顷,受灾面积,2015
9058,山西省,1142.6,千公顷,受灾面积,2015
9078,内蒙古自治区,2700.8,千公顷,受灾面积,2015
9098,辽宁省,1482.8,千公顷,受灾面积,2015
9118,吉林省,846.2,千公顷,受灾面积,2015
9138,黑龙江省,1175.3,千公顷,受灾面积,2015
9158,上海市,12.3,千公顷,受灾面积,2015
9178,江苏省,615.5,千公顷,受灾面积,2015
9198,浙江省,393.2,千公顷,受灾面积,2015
9218,安徽省,966.7,千公顷,受灾面积,2015
9238,福建省,203.3,千公顷,受灾面积,2015
9258,江西省,455.3,千公顷,受灾面积,2015
9278,山东省,1379,千公顷,受灾面积,2015
9298,河南省,225.1,千公顷,受灾面积,2015
9318,湖北省,1115.6,千公顷,受灾面积,2015
9338,湖南省,765.1,千公顷,受灾面积,2015
9358,广东省,846.3,千公顷,受灾面积,2015
9378,广西壮族自治区,545.7,千公顷,受灾面积,2015
9398,海南省,41.2,千公顷,受灾面积,2015
9418,重庆市,70.8,千公顷,受灾面积,2015
9438,四川省,562.7,千公顷,受灾面积,2015
9458,贵州省,224.4,千公顷,受灾面积,2015
9478,云南省,1028.3,千公顷,受灾面积,2015
9498,西藏自治区,11.8,千公顷,受灾面积,2015
9518,陕西省,744.3,千公顷,受灾面积,2015
9538,甘肃省,1011.2,千公顷,受灾面积,2015
9558,青海省,220.5,千公顷,受灾面积,2015
9578,宁夏回族自治区,218.8,千公顷,受灾面积,2015
9598,新疆维吾尔自治区,960,千公顷,受灾面积,2015
