id,area,value,unit,zb,updatetime
8997,北京市,34.7478803,千公顷,受灾面积,2016
9017,天津市,23.9696667,千公顷,受灾面积,2016
9037,河北省,1447.22244930333,千公顷,受灾面积,2016
9057,山西省,503.7129867,千公顷,受灾面积,2016
9077,内蒙古自治区,3629.9002499,千公顷,受灾面积,2016
9097,辽宁省,581.93940044,千公顷,受灾面积,2016
9117,吉林省,748.174568694881,千公顷,受灾面积,2016
9137,黑龙江省,4223.68449333333,千公顷,受灾面积,2016
9157,上海市,3.1,千公顷,受灾面积,2016
9177,江苏省,301.12,千公顷,受灾面积,2016
9197,浙江省,456,千公顷,受灾面积,2016
9217,安徽省,1341.2354,千公顷,受灾面积,2016
9237,福建省,386.666666666667,千公顷,受灾面积,2016
9257,江西省,786.1,千公顷,受灾面积,2016
9277,山东省,552.2,千公顷,受灾面积,2016
9297,河南省,519.3,千公顷,受灾面积,2016
9317,湖北省,2741.23333333333,千公顷,受灾面积,2016
9337,湖南省,1375.5066666884,千公顷,受灾面积,2016
9357,广东省,630.666666666667,千公顷,受灾面积,2016
9377,广西壮族自治区,300.933333333333,千公顷,受灾面积,2016
9397,海南省,509.349002731246,千公顷,受灾面积,2016
9417,重庆市,190.44,千公顷,受灾面积,2016
9437,四川省,410.58,千公顷,受灾面积,2016
9457,贵州省,330.7,千公顷,受灾面积,2016
9477,云南省,868.472466893197,千公顷,受灾面积,2016
9497,西藏自治区,14.48061,千公顷,受灾面积,2016
9517,陕西省,632.8098359996,千公顷,受灾面积,2016
9537,甘肃省,1343.30862496667,千公顷,受灾面积,2016
9557,青海省,134.65927,千公顷,受灾面积,2016
9577,宁夏回族自治区,390.434606433333,千公顷,受灾面积,2016
9597,新疆维吾尔自治区,808.08737003,千公顷,受灾面积,2016
