id,area,value,unit,zb,updatetime
8996,北京市,6.7,千公顷,受灾面积,2017
9016,天津市,0,千公顷,受灾面积,2017
9036,河北省,718,千公顷,受灾面积,2017
9056,山西省,821.3,千公顷,受灾面积,2017
9076,内蒙古自治区,3917.3,千公顷,受灾面积,2017
9096,辽宁省,949.6,千公顷,受灾面积,2017
9116,吉林省,983.1,千公顷,受灾面积,2017
9136,黑龙江省,1550.5,千公顷,受灾面积,2017
9156,上海市,0,千公顷,受灾面积,2017
9176,江苏省,90.7,千公顷,受灾面积,2017
9196,浙江省,107.3,千公顷,受灾面积,2017
9216,安徽省,399.8,千公顷,受灾面积,2017
9236,福建省,57.5,千公顷,受灾面积,2017
9256,江西省,441.4,千公顷,受灾面积,2017
9276,山东省,856.9,千公顷,受灾面积,2017
9296,河南省,1247,千公顷,受灾面积,2017
9316,湖北省,1437.1,千公顷,受灾面积,2017
9336,湖南省,1217.7,千公顷,受灾面积,2017
9356,广东省,282.6,千公顷,受灾面积,2017
9376,广西壮族自治区,196,千公顷,受灾面积,2017
9396,海南省,10.8,千公顷,受灾面积,2017
9416,重庆市,125.9,千公顷,受灾面积,2017
9436,四川省,215.7,千公顷,受灾面积,2017
9456,贵州省,267.3,千公顷,受灾面积,2017
9476,云南省,406.6,千公顷,受灾面积,2017
9496,西藏自治区,12.8,千公顷,受灾面积,2017
9516,陕西省,651.1,千公顷,受灾面积,2017
9536,甘肃省,773.1,千公顷,受灾面积,2017
9556,青海省,272.4,千公顷,受灾面积,2017
9576,宁夏回族自治区,174.4,千公顷,受灾面积,2017
9596,新疆维吾尔自治区,287.5,千公顷,受灾面积,2017
