id,area,value,unit,zb,updatetime
8995,北京市,4.7,千公顷,受灾面积,2018
9015,天津市,14.4,千公顷,受灾面积,2018
9035,河北省,557,千公顷,受灾面积,2018
9055,山西省,830.8,千公顷,受灾面积,2018
9075,内蒙古自治区,2629.8,千公顷,受灾面积,2018
9095,辽宁省,1467.3,千公顷,受灾面积,2018
9115,吉林省,1319.7,千公顷,受灾面积,2018
9135,黑龙江省,4155,千公顷,受灾面积,2018
9155,上海市,7.3,千公顷,受灾面积,2018
9175,江苏省,380,千公顷,受灾面积,2018
9195,浙江省,168.6,千公顷,受灾面积,2018
9215,安徽省,863.2,千公顷,受灾面积,2018
9235,福建省,78.7,千公顷,受灾面积,2018
9255,江西省,530.7,千公顷,受灾面积,2018
9275,山东省,983.8,千公顷,受灾面积,2018
9295,河南省,1167.7,千公顷,受灾面积,2018
9315,湖北省,1076.1,千公顷,受灾面积,2018
9335,湖南省,625.6,千公顷,受灾面积,2018
9355,广东省,547.8,千公顷,受灾面积,2018
9375,广西壮族自治区,150,千公顷,受灾面积,2018
9395,海南省,32.4,千公顷,受灾面积,2018
9415,重庆市,70.9,千公顷,受灾面积,2018
9435,四川省,484,千公顷,受灾面积,2018
9455,贵州省,291.7,千公顷,受灾面积,2018
9475,云南省,274.8,千公顷,受灾面积,2018
9495,西藏自治区,9.7,千公顷,受灾面积,2018
9515,陕西省,382.4,千公顷,受灾面积,2018
9535,甘肃省,764.2,千公顷,受灾面积,2018
9555,青海省,51.9,千公顷,受灾面积,2018
9575,宁夏回族自治区,148.1,千公顷,受灾面积,2018
9595,新疆维吾尔自治区,746,千公顷,受灾面积,2018
