id,area,value,unit,zb,updatetime
8994,北京市,3,千公顷,受灾面积,2019
9014,天津市,0,千公顷,受灾面积,2019
9034,河北省,315,千公顷,受灾面积,2019
9054,山西省,1474,千公顷,受灾面积,2019
9074,内蒙古自治区,1454,千公顷,受灾面积,2019
9094,辽宁省,325,千公顷,受灾面积,2019
9114,吉林省,536,千公顷,受灾面积,2019
9134,黑龙江省,3541,千公顷,受灾面积,2019
9154,上海市,9,千公顷,受灾面积,2019
9174,江苏省,224,千公顷,受灾面积,2019
9194,浙江省,354,千公顷,受灾面积,2019
9214,安徽省,958,千公顷,受灾面积,2019
9234,福建省,123,千公顷,受灾面积,2019
9254,江西省,1201,千公顷,受灾面积,2019
9274,山东省,1341,千公顷,受灾面积,2019
9294,河南省,970,千公顷,受灾面积,2019
9314,湖北省,1430,千公顷,受灾面积,2019
9334,湖南省,998,千公顷,受灾面积,2019
9354,广东省,145,千公顷,受灾面积,2019
9374,广西壮族自治区,248,千公顷,受灾面积,2019
9394,海南省,4,千公顷,受灾面积,2019
9414,重庆市,78,千公顷,受灾面积,2019
9434,四川省,324,千公顷,受灾面积,2019
9454,贵州省,141,千公顷,受灾面积,2019
9474,云南省,1569,千公顷,受灾面积,2019
9494,西藏自治区,6,千公顷,受灾面积,2019
9514,陕西省,645,千公顷,受灾面积,2019
9534,甘肃省,174,千公顷,受灾面积,2019
9554,青海省,70,千公顷,受灾面积,2019
9574,宁夏回族自治区,29,千公顷,受灾面积,2019
9594,新疆维吾尔自治区,573,千公顷,受灾面积,2019
