id,area,value,unit,zb,updatetime
8993,北京市,0,千公顷,受灾面积,2020
9013,天津市,0,千公顷,受灾面积,2020
9033,河北省,0,千公顷,受灾面积,2020
9053,山西省,0,千公顷,受灾面积,2020
9073,内蒙古自治区,0,千公顷,受灾面积,2020
9093,辽宁省,0,千公顷,受灾面积,2020
9113,吉林省,0,千公顷,受灾面积,2020
9133,黑龙江省,0,千公顷,受灾面积,2020
9153,上海市,0,千公顷,受灾面积,2020
9173,江苏省,0,千公顷,受灾面积,2020
9193,浙江省,0,千公顷,受灾面积,2020
9213,安徽省,0,千公顷,受灾面积,2020
9233,福建省,0,千公顷,受灾面积,2020
9253,江西省,0,千公顷,受灾面积,2020
9273,山东省,0,千公顷,受灾面积,2020
9293,河南省,0,千公顷,受灾面积,2020
9313,湖北省,0,千公顷,受灾面积,2020
9333,湖南省,0,千公顷,受灾面积,2020
9353,广东省,0,千公顷,受灾面积,2020
9373,广西壮族自治区,0,千公顷,受灾面积,2020
9393,海南省,0,千公顷,受灾面积,2020
9413,重庆市,0,千公顷,受灾面积,2020
9433,四川省,0,千公顷,受灾面积,2020
9453,贵州省,0,千公顷,受灾面积,2020
9473,云南省,0,千公顷,受灾面积,2020
9493,西藏自治区,0,千公顷,受灾面积,2020
9513,陕西省,0,千公顷,受灾面积,2020
9533,甘肃省,0,千公顷,受灾面积,2020
9553,青海省,0,千公顷,受灾面积,2020
9573,宁夏回族自治区,0,千公顷,受灾面积,2020
9593,新疆维吾尔自治区,0,千公顷,受灾面积,2020
