id,area,value,unit,zb,updatetime
8992,北京市,0,千公顷,受灾面积,2021
9012,天津市,0,千公顷,受灾面积,2021
9032,河北省,0,千公顷,受灾面积,2021
9052,山西省,0,千公顷,受灾面积,2021
9072,内蒙古自治区,0,千公顷,受灾面积,2021
9092,辽宁省,0,千公顷,受灾面积,2021
9112,吉林省,0,千公顷,受灾面积,2021
9132,黑龙江省,0,千公顷,受灾面积,2021
9152,上海市,0,千公顷,受灾面积,2021
9172,江苏省,0,千公顷,受灾面积,2021
9192,浙江省,0,千公顷,受灾面积,2021
9212,安徽省,0,千公顷,受灾面积,2021
9232,福建省,0,千公顷,受灾面积,2021
9252,江西省,0,千公顷,受灾面积,2021
9272,山东省,0,千公顷,受灾面积,2021
9292,河南省,0,千公顷,受灾面积,2021
9312,湖北省,0,千公顷,受灾面积,2021
9332,湖南省,0,千公顷,受灾面积,2021
9352,广东省,0,千公顷,受灾面积,2021
9372,广西壮族自治区,0,千公顷,受灾面积,2021
9392,海南省,0,千公顷,受灾面积,2021
9412,重庆市,0,千公顷,受灾面积,2021
9432,四川省,0,千公顷,受灾面积,2021
9452,贵州省,0,千公顷,受灾面积,2021
9472,云南省,0,千公顷,受灾面积,2021
9492,西藏自治区,0,千公顷,受灾面积,2021
9512,陕西省,0,千公顷,受灾面积,2021
9532,甘肃省,0,千公顷,受灾面积,2021
9552,青海省,0,千公顷,受灾面积,2021
9572,宁夏回族自治区,0,千公顷,受灾面积,2021
9592,新疆维吾尔自治区,0,千公顷,受灾面积,2021
