id,area,value,unit,zb,updatetime
8991,北京市,0,千公顷,受灾面积,2022
9011,天津市,0,千公顷,受灾面积,2022
9031,河北省,0,千公顷,受灾面积,2022
9051,山西省,0,千公顷,受灾面积,2022
9071,内蒙古自治区,0,千公顷,受灾面积,2022
9091,辽宁省,0,千公顷,受灾面积,2022
9111,吉林省,0,千公顷,受灾面积,2022
9131,黑龙江省,0,千公顷,受灾面积,2022
9151,上海市,0,千公顷,受灾面积,2022
9171,江苏省,0,千公顷,受灾面积,2022
9191,浙江省,0,千公顷,受灾面积,2022
9211,安徽省,0,千公顷,受灾面积,2022
9231,福建省,0,千公顷,受灾面积,2022
9251,江西省,0,千公顷,受灾面积,2022
9271,山东省,0,千公顷,受灾面积,2022
9291,河南省,0,千公顷,受灾面积,2022
9311,湖北省,0,千公顷,受灾面积,2022
9331,湖南省,0,千公顷,受灾面积,2022
9351,广东省,0,千公顷,受灾面积,2022
9371,广西壮族自治区,0,千公顷,受灾面积,2022
9391,海南省,0,千公顷,受灾面积,2022
9411,重庆市,0,千公顷,受灾面积,2022
9431,四川省,0,千公顷,受灾面积,2022
9451,贵州省,0,千公顷,受灾面积,2022
9471,云南省,0,千公顷,受灾面积,2022
9491,西藏自治区,0,千公顷,受灾面积,2022
9511,陕西省,0,千公顷,受灾面积,2022
9531,甘肃省,0,千公顷,受灾面积,2022
9551,青海省,0,千公顷,受灾面积,2022
9571,宁夏回族自治区,0,千公顷,受灾面积,2022
9591,新疆维吾尔自治区,0,千公顷,受灾面积,2022
