id,area,value,unit,zb,updatetime
10250,北京市,14.32,万吨,农用化肥施用折纯量,2003
10270,天津市,17.8,万吨,农用化肥施用折纯量,2003
10290,河北省,283.31,万吨,农用化肥施用折纯量,2003
10310,山西省,89.91,万吨,农用化肥施用折纯量,2003
10330,内蒙古自治区,93.19,万吨,农用化肥施用折纯量,2003
10350,辽宁省,112.62,万吨,农用化肥施用折纯量,2003
10370,吉林省,122.26,万吨,农用化肥施用折纯量,2003
10390,黑龙江省,125.7,万吨,农用化肥施用折纯量,2003
10410,上海市,15.87,万吨,农用化肥施用折纯量,2003
10430,江苏省,334.67,万吨,农用化肥施用折纯量,2003
10450,浙江省,90.38,万吨,农用化肥施用折纯量,2003
10470,安徽省,281.28,万吨,农用化肥施用折纯量,2003
10490,福建省,120.29,万吨,农用化肥施用折纯量,2003
10510,江西省,110.98,万吨,农用化肥施用折纯量,2003
10530,山东省,432.65,万吨,农用化肥施用折纯量,2003
10550,河南省,467.89,万吨,农用化肥施用折纯量,2003
10570,湖北省,270.32,万吨,农用化肥施用折纯量,2003
10590,湖南省,188.33,万吨,农用化肥施用折纯量,2003
10610,广东省,199.61,万吨,农用化肥施用折纯量,2003
10630,广西壮族自治区,183.69,万吨,农用化肥施用折纯量,2003
10650,海南省,33.92,万吨,农用化肥施用折纯量,2003
10670,重庆市,71.6,万吨,农用化肥施用折纯量,2003
10690,四川省,208.39,万吨,农用化肥施用折纯量,2003
10710,贵州省,74.9203,万吨,农用化肥施用折纯量,2003
10730,云南省,129.22,万吨,农用化肥施用折纯量,2003
10750,西藏自治区,3.19,万吨,农用化肥施用折纯量,2003
10770,陕西省,142.73,万吨,农用化肥施用折纯量,2003
10790,甘肃省,69.57,万吨,农用化肥施用折纯量,2003
10810,青海省,6.85,万吨,农用化肥施用折纯量,2003
10830,宁夏回族自治区,25.36,万吨,农用化肥施用折纯量,2003
10850,新疆维吾尔自治区,90.74,万吨,农用化肥施用折纯量,2003
