id,area,value,unit,zb,updatetime
10249,北京市,14.46,万吨,农用化肥施用折纯量,2004
10269,天津市,22.85,万吨,农用化肥施用折纯量,2004
10289,河北省,289.88,万吨,农用化肥施用折纯量,2004
10309,山西省,93.44,万吨,农用化肥施用折纯量,2004
10329,内蒙古自治区,104.35,万吨,农用化肥施用折纯量,2004
10349,辽宁省,117.85,万吨,农用化肥施用折纯量,2004
10369,吉林省,159.09,万吨,农用化肥施用折纯量,2004
10389,黑龙江省,143.81,万吨,农用化肥施用折纯量,2004
10409,上海市,15.02,万吨,农用化肥施用折纯量,2004
10429,江苏省,336.8,万吨,农用化肥施用折纯量,2004
10449,浙江省,93.34,万吨,农用化肥施用折纯量,2004
10469,安徽省,277.56,万吨,农用化肥施用折纯量,2004
10489,福建省,121.67,万吨,农用化肥施用折纯量,2004
10509,江西省,123.53,万吨,农用化肥施用折纯量,2004
10529,山东省,450.96,万吨,农用化肥施用折纯量,2004
10549,河南省,493.16,万吨,农用化肥施用折纯量,2004
10569,湖北省,281.92,万吨,农用化肥施用折纯量,2004
10589,湖南省,203.18,万吨,农用化肥施用折纯量,2004
10609,广东省,201.3,万吨,农用化肥施用折纯量,2004
10629,广西壮族自治区,195.22,万吨,农用化肥施用折纯量,2004
10649,海南省,41.06,万吨,农用化肥施用折纯量,2004
10669,重庆市,77.02,万吨,农用化肥施用折纯量,2004
10689,四川省,214.71,万吨,农用化肥施用折纯量,2004
10709,贵州省,74.31,万吨,农用化肥施用折纯量,2004
10729,云南省,137.24,万吨,农用化肥施用折纯量,2004
10749,西藏自治区,3.98,万吨,农用化肥施用折纯量,2004
10769,陕西省,143.13,万吨,农用化肥施用折纯量,2004
10789,甘肃省,72.39,万吨,农用化肥施用折纯量,2004
10809,青海省,6.57,万吨,农用化肥施用折纯量,2004
10829,宁夏回族自治区,27.61,万吨,农用化肥施用折纯量,2004
10849,新疆维吾尔自治区,99.17,万吨,农用化肥施用折纯量,2004
