id,area,value,unit,zb,updatetime
10248,北京市,14.84,万吨,农用化肥施用折纯量,2005
10268,天津市,23.29,万吨,农用化肥施用折纯量,2005
10288,河北省,303.39,万吨,农用化肥施用折纯量,2005
10308,山西省,95.7,万吨,农用化肥施用折纯量,2005
10328,内蒙古自治区,116.72,万吨,农用化肥施用折纯量,2005
10348,辽宁省,119.86,万吨,农用化肥施用折纯量,2005
10368,吉林省,138.1,万吨,农用化肥施用折纯量,2005
10388,黑龙江省,150.92,万吨,农用化肥施用折纯量,2005
10408,上海市,14.44,万吨,农用化肥施用折纯量,2005
10428,江苏省,340.81,万吨,农用化肥施用折纯量,2005
10448,浙江省,94.27,万吨,农用化肥施用折纯量,2005
10468,安徽省,285.67,万吨,农用化肥施用折纯量,2005
10488,福建省,122.02,万吨,农用化肥施用折纯量,2005
10508,江西省,129.39,万吨,农用化肥施用折纯量,2005
10528,山东省,467.63,万吨,农用化肥施用折纯量,2005
10548,河南省,518.1368,万吨,农用化肥施用折纯量,2005
10568,湖北省,285.83,万吨,农用化肥施用折纯量,2005
10588,湖南省,209.867,万吨,农用化肥施用折纯量,2005
10608,广东省,204.62,万吨,农用化肥施用折纯量,2005
10628,广西壮族自治区,201.25,万吨,农用化肥施用折纯量,2005
10648,海南省,37.3101,万吨,农用化肥施用折纯量,2005
10668,重庆市,79.05,万吨,农用化肥施用折纯量,2005
10688,四川省,220.9249,万吨,农用化肥施用折纯量,2005
10708,贵州省,77.4095,万吨,农用化肥施用折纯量,2005
10728,云南省,142.65,万吨,农用化肥施用折纯量,2005
10748,西藏自治区,4.21,万吨,农用化肥施用折纯量,2005
10768,陕西省,147.3,万吨,农用化肥施用折纯量,2005
10788,甘肃省,75.92,万吨,农用化肥施用折纯量,2005
10808,青海省,6.99,万吨,农用化肥施用折纯量,2005
10828,宁夏回族自治区,29.93,万吨,农用化肥施用折纯量,2005
10848,新疆维吾尔自治区,107.77,万吨,农用化肥施用折纯量,2005
