id,area,value,unit,zb,updatetime
10247,北京市,14.84,万吨,农用化肥施用折纯量,2006
10267,天津市,24.555,万吨,农用化肥施用折纯量,2006
10287,河北省,304.89,万吨,农用化肥施用折纯量,2006
10307,山西省,98.265,万吨,农用化肥施用折纯量,2006
10327,内蒙古自治区,128.505,万吨,农用化肥施用折纯量,2006
10347,辽宁省,121.08,万吨,农用化肥施用折纯量,2006
10367,吉林省,146.7,万吨,农用化肥施用折纯量,2006
10387,黑龙江省,162.2,万吨,农用化肥施用折纯量,2006
10407,上海市,14.53,万吨,农用化肥施用折纯量,2006
10427,江苏省,342.01,万吨,农用化肥施用折纯量,2006
10447,浙江省,93.98,万吨,农用化肥施用折纯量,2006
10467,安徽省,294.29,万吨,农用化肥施用折纯量,2006
10487,福建省,120.855,万吨,农用化肥施用折纯量,2006
10507,江西省,132.58,万吨,农用化肥施用折纯量,2006
10527,山东省,489.82,万吨,农用化肥施用折纯量,2006
10547,河南省,540.43,万吨,农用化肥施用折纯量,2006
10567,湖北省,292.4779,万吨,农用化肥施用折纯量,2006
10587,湖南省,214.7235,万吨,农用化肥施用折纯量,2006
10607,广东省,212.12805,万吨,农用化肥施用折纯量,2006
10627,广西壮族自治区,210.6632,万吨,农用化肥施用折纯量,2006
10647,海南省,39.49005,万吨,农用化肥施用折纯量,2006
10667,重庆市,80.54,万吨,农用化肥施用折纯量,2006
10687,四川省,228.1601,万吨,农用化肥施用折纯量,2006
10707,贵州省,80.23,万吨,农用化肥施用折纯量,2006
10727,云南省,150.39,万吨,农用化肥施用折纯量,2006
10747,西藏自治区,4.395,万吨,农用化肥施用折纯量,2006
10767,陕西省,149.73,万吨,农用化肥施用折纯量,2006
10787,甘肃省,76.5,万吨,农用化肥施用折纯量,2006
10807,青海省,7.17,万吨,农用化肥施用折纯量,2006
10827,宁夏回族自治区,31.92,万吨,农用化肥施用折纯量,2006
10847,新疆维吾尔自治区,119.645,万吨,农用化肥施用折纯量,2006
