id,area,value,unit,zb,updatetime
10246,北京市,13.98715,万吨,农用化肥施用折纯量,2007
10266,天津市,25.82,万吨,农用化肥施用折纯量,2007
10286,河北省,311.87,万吨,农用化肥施用折纯量,2007
10306,山西省,100.83,万吨,农用化肥施用折纯量,2007
10326,内蒙古自治区,140.29,万吨,农用化肥施用折纯量,2007
10346,辽宁省,127.47,万吨,农用化肥施用折纯量,2007
10366,吉林省,154.39,万吨,农用化肥施用折纯量,2007
10386,黑龙江省,175.2,万吨,农用化肥施用折纯量,2007
10406,上海市,14.08,万吨,农用化肥施用折纯量,2007
10426,江苏省,342.03,万吨,农用化肥施用折纯量,2007
10446,浙江省,92.82,万吨,农用化肥施用折纯量,2007
10466,安徽省,305.02,万吨,农用化肥施用折纯量,2007
10486,福建省,119.69,万吨,农用化肥施用折纯量,2007
10506,江西省,132.65,万吨,农用化肥施用折纯量,2007
10526,山东省,500.34,万吨,农用化肥施用折纯量,2007
10546,河南省,569.68,万吨,农用化肥施用折纯量,2007
10566,湖北省,299.9,万吨,农用化肥施用折纯量,2007
10586,湖南省,219.58,万吨,农用化肥施用折纯量,2007
10606,广东省,219.6361,万吨,农用化肥施用折纯量,2007
10626,广西壮族自治区,220.8381,万吨,农用化肥施用折纯量,2007
10646,海南省,41.67,万吨,农用化肥施用折纯量,2007
10666,重庆市,84.32,万吨,农用化肥施用折纯量,2007
10686,四川省,238.1679,万吨,农用化肥施用折纯量,2007
10706,贵州省,82.0528,万吨,农用化肥施用折纯量,2007
10726,云南省,158.27,万吨,农用化肥施用折纯量,2007
10746,西藏自治区,4.58,万吨,农用化肥施用折纯量,2007
10766,陕西省,158.81,万吨,农用化肥施用折纯量,2007
10786,甘肃省,80.14,万吨,农用化肥施用折纯量,2007
10806,青海省,7.55,万吨,农用化肥施用折纯量,2007
10826,宁夏回族自治区,34.63,万吨,农用化肥施用折纯量,2007
10846,新疆维吾尔自治区,131.52,万吨,农用化肥施用折纯量,2007
