id,area,value,unit,zb,updatetime
10245,北京市,13.63,万吨,农用化肥施用折纯量,2008
10265,天津市,25.88,万吨,农用化肥施用折纯量,2008
10285,河北省,312.4,万吨,农用化肥施用折纯量,2008
10305,山西省,103.4042,万吨,农用化肥施用折纯量,2008
10325,内蒙古自治区,154.098,万吨,农用化肥施用折纯量,2008
10345,辽宁省,128.7733,万吨,农用化肥施用折纯量,2008
10365,吉林省,163.843845,万吨,农用化肥施用折纯量,2008
10385,黑龙江省,180.73,万吨,农用化肥施用折纯量,2008
10405,上海市,14.32,万吨,农用化肥施用折纯量,2008
10425,江苏省,340.76,万吨,农用化肥施用折纯量,2008
10445,浙江省,92.98,万吨,农用化肥施用折纯量,2008
10465,安徽省,307.35,万吨,农用化肥施用折纯量,2008
10485,福建省,118.6741,万吨,农用化肥施用折纯量,2008
10505,江西省,132.97,万吨,农用化肥施用折纯量,2008
10525,山东省,476.33,万吨,农用化肥施用折纯量,2008
10545,河南省,601.68,万吨,农用化肥施用折纯量,2008
10565,湖北省,327.66,万吨,农用化肥施用折纯量,2008
10585,湖南省,223.38,万吨,农用化肥施用折纯量,2008
10605,广东省,226.597,万吨,农用化肥施用折纯量,2008
10625,广西壮族自治区,222.5813,万吨,农用化肥施用折纯量,2008
10645,海南省,45.62,万吨,农用化肥施用折纯量,2008
10665,重庆市,88.14,万吨,农用化肥施用折纯量,2008
10685,四川省,242.8398,万吨,农用化肥施用折纯量,2008
10705,贵州省,83.0904,万吨,农用化肥施用折纯量,2008
10725,云南省,167.6708,万吨,农用化肥施用折纯量,2008
10745,西藏自治区,4.6,万吨,农用化肥施用折纯量,2008
10765,陕西省,165.9,万吨,农用化肥施用折纯量,2008
10785,甘肃省,81.37,万吨,农用化肥施用折纯量,2008
10805,青海省,8.11,万吨,农用化肥施用折纯量,2008
10825,宁夏回族自治区,34.75,万吨,农用化肥施用折纯量,2008
10845,新疆维吾尔自治区,148.89,万吨,农用化肥施用折纯量,2008
