id,area,value,unit,zb,updatetime
10244,北京市,13.82,万吨,农用化肥施用折纯量,2009
10264,天津市,25.96,万吨,农用化肥施用折纯量,2009
10284,河北省,316.17,万吨,农用化肥施用折纯量,2009
10304,山西省,104.32,万吨,农用化肥施用折纯量,2009
10324,内蒙古自治区,171.4236,万吨,农用化肥施用折纯量,2009
10344,辽宁省,133.6098,万吨,农用化肥施用折纯量,2009
10364,吉林省,174.18,万吨,农用化肥施用折纯量,2009
10384,黑龙江省,198.8724,万吨,农用化肥施用折纯量,2009
10404,上海市,12.56,万吨,农用化肥施用折纯量,2009
10424,江苏省,344.0024,万吨,农用化肥施用折纯量,2009
10444,浙江省,93.5959,万吨,农用化肥施用折纯量,2009
10464,安徽省,312.79,万吨,农用化肥施用折纯量,2009
10484,福建省,120.6801,万吨,农用化肥施用折纯量,2009
10504,江西省,135.76,万吨,农用化肥施用折纯量,2009
10524,山东省,472.86,万吨,农用化肥施用折纯量,2009
10544,河南省,628.67,万吨,农用化肥施用折纯量,2009
10564,湖北省,340.2551,万吨,农用化肥施用折纯量,2009
10584,湖南省,231.6037,万吨,农用化肥施用折纯量,2009
10604,广东省,233.1551,万吨,农用化肥施用折纯量,2009
10624,广西壮族自治区,229.32,万吨,农用化肥施用折纯量,2009
10644,海南省,46.29,万吨,农用化肥施用折纯量,2009
10664,重庆市,91.1657,万吨,农用化肥施用折纯量,2009
10684,四川省,247.9738,万吨,农用化肥施用折纯量,2009
10704,贵州省,86.5388,万吨,农用化肥施用折纯量,2009
10724,云南省,171.3871,万吨,农用化肥施用折纯量,2009
10744,西藏自治区,4.69,万吨,农用化肥施用折纯量,2009
10764,陕西省,181.3188,万吨,农用化肥施用折纯量,2009
10784,甘肃省,82.9,万吨,农用化肥施用折纯量,2009
10804,青海省,7.96,万吨,农用化肥施用折纯量,2009
10824,宁夏回族自治区,35.54,万吨,农用化肥施用折纯量,2009
10844,新疆维吾尔自治区,154.98,万吨,农用化肥施用折纯量,2009
