id,area,value,unit,zb,updatetime
10243,北京市,13.67,万吨,农用化肥施用折纯量,2010
10263,天津市,25.54,万吨,农用化肥施用折纯量,2010
10283,河北省,322.8615,万吨,农用化肥施用折纯量,2010
10303,山西省,110.36627,万吨,农用化肥施用折纯量,2010
10323,内蒙古自治区,177.24,万吨,农用化肥施用折纯量,2010
10343,辽宁省,140.0755,万吨,农用化肥施用折纯量,2010
10363,吉林省,182.8,万吨,农用化肥施用折纯量,2010
10383,黑龙江省,214.8852,万吨,农用化肥施用折纯量,2010
10403,上海市,11.84,万吨,农用化肥施用折纯量,2010
10423,江苏省,341.11,万吨,农用化肥施用折纯量,2010
10443,浙江省,92.2,万吨,农用化肥施用折纯量,2010
10463,安徽省,319.7727,万吨,农用化肥施用折纯量,2010
10483,福建省,121.0372,万吨,农用化肥施用折纯量,2010
10503,江西省,137.62,万吨,农用化肥施用折纯量,2010
10523,山东省,475.32,万吨,农用化肥施用折纯量,2010
10543,河南省,655.15,万吨,农用化肥施用折纯量,2010
10563,湖北省,350.77,万吨,农用化肥施用折纯量,2010
10583,湖南省,236.57,万吨,农用化肥施用折纯量,2010
10603,广东省,237.2872,万吨,农用化肥施用折纯量,2010
10623,广西壮族自治区,237.1595,万吨,农用化肥施用折纯量,2010
10643,海南省,46.43,万吨,农用化肥施用折纯量,2010
10663,重庆市,91.8186,万吨,农用化肥施用折纯量,2010
10683,四川省,248.0029,万吨,农用化肥施用折纯量,2010
10703,贵州省,86.5347,万吨,农用化肥施用折纯量,2010
10723,云南省,184.5806,万吨,农用化肥施用折纯量,2010
10743,西藏自治区,4.74,万吨,农用化肥施用折纯量,2010
10763,陕西省,196.79,万吨,农用化肥施用折纯量,2010
10783,甘肃省,85.26,万吨,农用化肥施用折纯量,2010
10803,青海省,8.76,万吨,农用化肥施用折纯量,2010
10823,宁夏回族自治区,37.928095674889,万吨,农用化肥施用折纯量,2010
10843,新疆维吾尔自治区,167.56,万吨,农用化肥施用折纯量,2010
