id,area,value,unit,zb,updatetime
10242,北京市,13.84,万吨,农用化肥施用折纯量,2011
10262,天津市,24.39,万吨,农用化肥施用折纯量,2011
10282,河北省,326.2786,万吨,农用化肥施用折纯量,2011
10302,山西省,114.5667,万吨,农用化肥施用折纯量,2011
10322,内蒙古自治区,176.9381748,万吨,农用化肥施用折纯量,2011
10342,辽宁省,144.64,万吨,农用化肥施用折纯量,2011
10362,吉林省,195.198972,万吨,农用化肥施用折纯量,2011
10382,黑龙江省,228.4366,万吨,农用化肥施用折纯量,2011
10402,上海市,11.97,万吨,农用化肥施用折纯量,2011
10422,江苏省,337.21,万吨,农用化肥施用折纯量,2011
10442,浙江省,92.07,万吨,农用化肥施用折纯量,2011
10462,安徽省,329.6711,万吨,农用化肥施用折纯量,2011
10482,福建省,120.9317,万吨,农用化肥施用折纯量,2011
10502,江西省,140.77,万吨,农用化肥施用折纯量,2011
10522,山东省,473.64,万吨,农用化肥施用折纯量,2011
10542,河南省,673.71,万吨,农用化肥施用折纯量,2011
10562,湖北省,354.89,万吨,农用化肥施用折纯量,2011
10582,湖南省,242.4886,万吨,农用化肥施用折纯量,2011
10602,广东省,241.3002,万吨,农用化肥施用折纯量,2011
10622,广西壮族自治区,242.71,万吨,农用化肥施用折纯量,2011
10642,海南省,47.73,万吨,农用化肥施用折纯量,2011
10662,重庆市,95.58,万吨,农用化肥施用折纯量,2011
10682,四川省,251.2312,万吨,农用化肥施用折纯量,2011
10702,贵州省,94.0838,万吨,农用化肥施用折纯量,2011
10722,云南省,200.47,万吨,农用化肥施用折纯量,2011
10742,西藏自治区,4.79,万吨,农用化肥施用折纯量,2011
10762,陕西省,207.27,万吨,农用化肥施用折纯量,2011
10782,甘肃省,87.24,万吨,农用化肥施用折纯量,2011
10802,青海省,8.27,万吨,农用化肥施用折纯量,2011
10822,宁夏回族自治区,38.24,万吨,农用化肥施用折纯量,2011
10842,新疆维吾尔自治区,183.68,万吨,农用化肥施用折纯量,2011
