id,area,value,unit,zb,updatetime
10241,北京市,13.67,万吨,农用化肥施用折纯量,2012
10261,天津市,24.45,万吨,农用化肥施用折纯量,2012
10281,河北省,329.33,万吨,农用化肥施用折纯量,2012
10301,山西省,118.2795,万吨,农用化肥施用折纯量,2012
10321,内蒙古自治区,189.03518,万吨,农用化肥施用折纯量,2012
10341,辽宁省,146.9018,万吨,农用化肥施用折纯量,2012
10361,吉林省,206.73,万吨,农用化肥施用折纯量,2012
10381,黑龙江省,240.28,万吨,农用化肥施用折纯量,2012
10401,上海市,10.99,万吨,农用化肥施用折纯量,2012
10421,江苏省,330.95,万吨,农用化肥施用折纯量,2012
10441,浙江省,92.1505,万吨,农用化肥施用折纯量,2012
10461,安徽省,333.5258,万吨,农用化肥施用折纯量,2012
10481,福建省,120.866,万吨,农用化肥施用折纯量,2012
10501,江西省,141.26,万吨,农用化肥施用折纯量,2012
10521,山东省,476.2576,万吨,农用化肥施用折纯量,2012
10541,河南省,684.43,万吨,农用化肥施用折纯量,2012
10561,湖北省,354.89,万吨,农用化肥施用折纯量,2012
10581,湖南省,249.11,万吨,农用化肥施用折纯量,2012
10601,广东省,245.3762,万吨,农用化肥施用折纯量,2012
10621,广西壮族自治区,249.04,万吨,农用化肥施用折纯量,2012
10641,海南省,45.53,万吨,农用化肥施用折纯量,2012
10661,重庆市,96.02,万吨,农用化肥施用折纯量,2012
10681,四川省,253.0295,万吨,农用化肥施用折纯量,2012
10701,贵州省,98.1726,万吨,农用化肥施用折纯量,2012
10721,云南省,210.2095,万吨,农用化肥施用折纯量,2012
10741,西藏自治区,4.99,万吨,农用化肥施用折纯量,2012
10761,陕西省,239.8048,万吨,农用化肥施用折纯量,2012
10781,甘肃省,92.13,万吨,农用化肥施用折纯量,2012
10801,青海省,9.3,万吨,农用化肥施用折纯量,2012
10821,宁夏回族自治区,39.44,万吨,农用化肥施用折纯量,2012
10841,新疆维吾尔自治区,192.7,万吨,农用化肥施用折纯量,2012
