id,area,value,unit,zb,updatetime
10240,北京市,12.78089,万吨,农用化肥施用折纯量,2013
10260,天津市,24.34,万吨,农用化肥施用折纯量,2013
10280,河北省,331.04,万吨,农用化肥施用折纯量,2013
10300,山西省,121.0196,万吨,农用化肥施用折纯量,2013
10320,内蒙古自治区,202.4244,万吨,农用化肥施用折纯量,2013
10340,辽宁省,151.760633,万吨,农用化肥施用折纯量,2013
10360,吉林省,216.79,万吨,农用化肥施用折纯量,2013
10380,黑龙江省,244.96,万吨,农用化肥施用折纯量,2013
10400,上海市,10.7833,万吨,农用化肥施用折纯量,2013
10420,江苏省,326.83,万吨,农用化肥施用折纯量,2013
10440,浙江省,92.4278,万吨,农用化肥施用折纯量,2013
10460,安徽省,338.4041,万吨,农用化肥施用折纯量,2013
10480,福建省,120.5733,万吨,农用化肥施用折纯量,2013
10500,江西省,141.577,万吨,农用化肥施用折纯量,2013
10520,山东省,472.6568,万吨,农用化肥施用折纯量,2013
10540,河南省,696.37,万吨,农用化肥施用折纯量,2013
10560,湖北省,351.9336,万吨,农用化肥施用折纯量,2013
10580,湖南省,248.192883,万吨,农用化肥施用折纯量,2013
10600,广东省,243.9059,万吨,农用化肥施用折纯量,2013
10620,广西壮族自治区,255.7006,万吨,农用化肥施用折纯量,2013
10640,海南省,47.57,万吨,农用化肥施用折纯量,2013
10660,重庆市,96.6435,万吨,农用化肥施用折纯量,2013
10680,四川省,251.1434,万吨,农用化肥施用折纯量,2013
10700,贵州省,97.4153,万吨,农用化肥施用折纯量,2013
10720,云南省,219.0151,万吨,农用化肥施用折纯量,2013
10740,西藏自治区,5.7,万吨,农用化肥施用折纯量,2013
10760,陕西省,241.7343,万吨,农用化肥施用折纯量,2013
10780,甘肃省,94.71,万吨,农用化肥施用折纯量,2013
10800,青海省,9.8,万吨,农用化肥施用折纯量,2013
10820,宁夏回族自治区,40.44,万吨,农用化肥施用折纯量,2013
10840,新疆维吾尔自治区,203.2213,万吨,农用化肥施用折纯量,2013
