id,area,value,unit,zb,updatetime
10239,北京市,11.63976,万吨,农用化肥施用折纯量,2014
10259,天津市,23.27,万吨,农用化肥施用折纯量,2014
10279,河北省,335.61,万吨,农用化肥施用折纯量,2014
10299,山西省,119.613778,万吨,农用化肥施用折纯量,2014
10319,内蒙古自治区,222.668178,万吨,农用化肥施用折纯量,2014
10339,辽宁省,151.5501725624,万吨,农用化肥施用折纯量,2014
10359,吉林省,226.66,万吨,农用化肥施用折纯量,2014
10379,黑龙江省,251.93,万吨,农用化肥施用折纯量,2014
10399,上海市,10.153844587078,万吨,农用化肥施用折纯量,2014
10419,江苏省,323.61,万吨,农用化肥施用折纯量,2014
10439,浙江省,89.617,万吨,农用化肥施用折纯量,2014
10459,安徽省,341.3912,万吨,农用化肥施用折纯量,2014
10479,福建省,122.6138,万吨,农用化肥施用折纯量,2014
10499,江西省,142.8709,万吨,农用化肥施用折纯量,2014
10519,山东省,468.08,万吨,农用化肥施用折纯量,2014
10539,河南省,705.75,万吨,农用化肥施用折纯量,2014
10559,湖北省,348.27,万吨,农用化肥施用折纯量,2014
10579,湖南省,247.8,万吨,农用化肥施用折纯量,2014
10599,广东省,249.5833,万吨,农用化肥施用折纯量,2014
10619,广西壮族自治区,258.6762,万吨,农用化肥施用折纯量,2014
10639,海南省,49.46,万吨,农用化肥施用折纯量,2014
10659,重庆市,97.26,万吨,农用化肥施用折纯量,2014
10679,四川省,250.1876,万吨,农用化肥施用折纯量,2014
10699,贵州省,101.2948,万吨,农用化肥施用折纯量,2014
10719,云南省,226.8602,万吨,农用化肥施用折纯量,2014
10739,西藏自治区,5.34,万吨,农用化肥施用折纯量,2014
10759,陕西省,230.1891,万吨,农用化肥施用折纯量,2014
10779,甘肃省,97.6,万吨,农用化肥施用折纯量,2014
10799,青海省,9.74,万吨,农用化肥施用折纯量,2014
10819,宁夏回族自治区,39.668206709359,万吨,农用化肥施用折纯量,2014
10839,新疆维吾尔自治区,236.98,万吨,农用化肥施用折纯量,2014
