id,area,value,unit,zb,updatetime
10238,北京市,10.52843,万吨,农用化肥施用折纯量,2015
10258,天津市,21.779659,万吨,农用化肥施用折纯量,2015
10278,河北省,335.492,万吨,农用化肥施用折纯量,2015
10298,山西省,118.54717,万吨,农用化肥施用折纯量,2015
10318,内蒙古自治区,229.35,万吨,农用化肥施用折纯量,2015
10338,辽宁省,152.0869964368,万吨,农用化肥施用折纯量,2015
10358,吉林省,231.24,万吨,农用化肥施用折纯量,2015
10378,黑龙江省,255.31,万吨,农用化肥施用折纯量,2015
10398,上海市,9.91726643,万吨,农用化肥施用折纯量,2015
10418,江苏省,319.99,万吨,农用化肥施用折纯量,2015
10438,浙江省,87.5237,万吨,农用化肥施用折纯量,2015
10458,安徽省,338.6944,万吨,农用化肥施用折纯量,2015
10478,福建省,123.8017,万吨,农用化肥施用折纯量,2015
10498,江西省,143.5826,万吨,农用化肥施用折纯量,2015
10518,山东省,463.4965,万吨,农用化肥施用折纯量,2015
10538,河南省,716.09,万吨,农用化肥施用折纯量,2015
10558,湖北省,333.872,万吨,农用化肥施用折纯量,2015
10578,湖南省,246.5356,万吨,农用化肥施用折纯量,2015
10598,广东省,256.4573,万吨,农用化肥施用折纯量,2015
10618,广西壮族自治区,259.8571,万吨,农用化肥施用折纯量,2015
10638,海南省,51.14,万吨,农用化肥施用折纯量,2015
10658,重庆市,97.72,万吨,农用化肥施用折纯量,2015
10678,四川省,249.827,万吨,农用化肥施用折纯量,2015
10698,贵州省,103.6877,万吨,农用化肥施用折纯量,2015
10718,云南省,231.8686,万吨,农用化肥施用折纯量,2015
10738,西藏自治区,6.03,万吨,农用化肥施用折纯量,2015
10758,陕西省,231.946,万吨,农用化肥施用折纯量,2015
10778,甘肃省,97.92,万吨,农用化肥施用折纯量,2015
10798,青海省,10.13,万吨,农用化肥施用折纯量,2015
10818,宁夏回族自治区,40.0881094639967,万吨,农用化肥施用折纯量,2015
10838,新疆维吾尔自治区,248.092995,万吨,农用化肥施用折纯量,2015
