id,area,value,unit,zb,updatetime
10237,北京市,9.65297,万吨,农用化肥施用折纯量,2016
10257,天津市,21.7791,万吨,农用化肥施用折纯量,2016
10277,河北省,331.7876,万吨,农用化肥施用折纯量,2016
10297,山西省,117.071876,万吨,农用化肥施用折纯量,2016
10317,内蒙古自治区,234.642506,万吨,农用化肥施用折纯量,2016
10337,辽宁省,148.057577874,万吨,农用化肥施用折纯量,2016
10357,吉林省,233.607543,万吨,农用化肥施用折纯量,2016
10377,黑龙江省,252.75,万吨,农用化肥施用折纯量,2016
10397,上海市,9.1301250565,万吨,农用化肥施用折纯量,2016
10417,江苏省,312.52,万吨,农用化肥施用折纯量,2016
10437,浙江省,84.4772,万吨,农用化肥施用折纯量,2016
10457,安徽省,327.0082,万吨,农用化肥施用折纯量,2016
10477,福建省,123.8417,万吨,农用化肥施用折纯量,2016
10497,江西省,141.9742,万吨,农用化肥施用折纯量,2016
10517,山东省,456.4633,万吨,农用化肥施用折纯量,2016
10537,河南省,715.028452,万吨,农用化肥施用折纯量,2016
10557,湖北省,327.96,万吨,农用化肥施用折纯量,2016
10577,湖南省,246.4427,万吨,农用化肥施用折纯量,2016
10597,广东省,261.0162,万吨,农用化肥施用折纯量,2016
10617,广西壮族自治区,262.1415,万吨,农用化肥施用折纯量,2016
10637,海南省,50.622747,万吨,农用化肥施用折纯量,2016
10657,重庆市,96.144084,万吨,农用化肥施用折纯量,2016
10677,四川省,248.984,万吨,农用化肥施用折纯量,2016
10697,贵州省,103.6705,万吨,农用化肥施用折纯量,2016
10717,云南省,235.5831,万吨,农用化肥施用折纯量,2016
10737,西藏自治区,5.909407,万吨,农用化肥施用折纯量,2016
10757,陕西省,233.0545,万吨,农用化肥施用折纯量,2016
10777,甘肃省,93.42,万吨,农用化肥施用折纯量,2016
10797,青海省,8.76,万吨,农用化肥施用折纯量,2016
10817,宁夏回族自治区,40.72,万吨,农用化肥施用折纯量,2016
10837,新疆维吾尔自治区,250.1933,万吨,农用化肥施用折纯量,2016
