id,area,value,unit,zb,updatetime
10236,北京市,8.54937,万吨,农用化肥施用折纯量,2017
10256,天津市,18.0098943,万吨,农用化肥施用折纯量,2017
10276,河北省,321.9959,万吨,农用化肥施用折纯量,2017
10296,山西省,111.998382,万吨,农用化肥施用折纯量,2017
10316,内蒙古自治区,235.0396,万吨,农用化肥施用折纯量,2017
10336,辽宁省,145.466042451,万吨,农用化肥施用折纯量,2017
10356,吉林省,231.024658,万吨,农用化肥施用折纯量,2017
10376,黑龙江省,251.2,万吨,农用化肥施用折纯量,2017
10396,上海市,8.89630869242995,万吨,农用化肥施用折纯量,2017
10416,江苏省,303.8503,万吨,农用化肥施用折纯量,2017
10436,浙江省,82.6301,万吨,农用化肥施用折纯量,2017
10456,安徽省,318.7237,万吨,农用化肥施用折纯量,2017
10476,福建省,116.3227,万吨,农用化肥施用折纯量,2017
10496,江西省,134.9715,万吨,农用化肥施用折纯量,2017
10516,山东省,439.9594,万吨,农用化肥施用折纯量,2017
10536,河南省,706.7,万吨,农用化肥施用折纯量,2017
10556,湖北省,317.93,万吨,农用化肥施用折纯量,2017
10576,湖南省,245.25802,万吨,农用化肥施用折纯量,2017
10596,广东省,258.303596,万吨,农用化肥施用折纯量,2017
10616,广西壮族自治区,263.8308,万吨,农用化肥施用折纯量,2017
10636,海南省,51.360118,万吨,农用化肥施用折纯量,2017
10656,重庆市,95.464922,万吨,农用化肥施用折纯量,2017
10676,四川省,241.9511,万吨,农用化肥施用折纯量,2017
10696,贵州省,95.6546,万吨,农用化肥施用折纯量,2017
10716,云南省,231.9402,万吨,农用化肥施用折纯量,2017
10736,西藏自治区,5.53312,万吨,农用化肥施用折纯量,2017
10756,陕西省,232.1487,万吨,农用化肥施用折纯量,2017
10776,甘肃省,84.49,万吨,农用化肥施用折纯量,2017
10796,青海省,8.67,万吨,农用化肥施用折纯量,2017
10816,宁夏回族自治区,40.7994,万吨,农用化肥施用折纯量,2017
10836,新疆维吾尔自治区,250.74,万吨,农用化肥施用折纯量,2017
