id,area,value,unit,zb,updatetime
10235,北京市,7.29341,万吨,农用化肥施用折纯量,2018
10255,天津市,16.9476113,万吨,农用化肥施用折纯量,2018
10275,河北省,312.3959,万吨,农用化肥施用折纯量,2018
10295,山西省,109.61077,万吨,农用化肥施用折纯量,2018
10315,内蒙古自治区,222.6717687058,万吨,农用化肥施用折纯量,2018
10335,辽宁省,145.0245219512,万吨,农用化肥施用折纯量,2018
10355,吉林省,228.296825,万吨,农用化肥施用折纯量,2018
10375,黑龙江省,245.64,万吨,农用化肥施用折纯量,2018
10395,上海市,8.37,万吨,农用化肥施用折纯量,2018
10415,江苏省,292.45,万吨,农用化肥施用折纯量,2018
10435,浙江省,77.761,万吨,农用化肥施用折纯量,2018
10455,安徽省,311.8,万吨,农用化肥施用折纯量,2018
10475,福建省,110.7377,万吨,农用化肥施用折纯量,2018
10495,江西省,123.1965,万吨,农用化肥施用折纯量,2018
10515,山东省,420.3489,万吨,农用化肥施用折纯量,2018
10535,河南省,692.7929,万吨,农用化肥施用折纯量,2018
10555,湖北省,295.8189,万吨,农用化肥施用折纯量,2018
10575,湖南省,242.614541,万吨,农用化肥施用折纯量,2018
10595,广东省,231.3195,万吨,农用化肥施用折纯量,2018
10615,广西壮族自治区,255.045816,万吨,农用化肥施用折纯量,2018
10635,海南省,48.370015,万吨,农用化肥施用折纯量,2018
10655,重庆市,93.17,万吨,农用化肥施用折纯量,2018
10675,四川省,235.2065,万吨,农用化肥施用折纯量,2018
10695,贵州省,89.478306,万吨,农用化肥施用折纯量,2018
10715,云南省,217.3723,万吨,农用化肥施用折纯量,2018
10735,西藏自治区,5.189153,万吨,农用化肥施用折纯量,2018
10755,陕西省,229.6427,万吨,农用化肥施用折纯量,2018
10775,甘肃省,83.17,万吨,农用化肥施用折纯量,2018
10795,青海省,8.32,万吨,农用化肥施用折纯量,2018
10815,宁夏回族自治区,38.3746598166608,万吨,农用化肥施用折纯量,2018
10835,新疆维吾尔自治区,254.99,万吨,农用化肥施用折纯量,2018
