id,area,value,unit,zb,updatetime
10234,北京市,6.172743,万吨,农用化肥施用折纯量,2019
10254,天津市,16.2390451,万吨,农用化肥施用折纯量,2019
10274,河北省,297.2687,万吨,农用化肥施用折纯量,2019
10294,山西省,108.40849,万吨,农用化肥施用折纯量,2019
10314,内蒙古自治区,218.436632,万吨,农用化肥施用折纯量,2019
10334,辽宁省,139.906175590826,万吨,农用化肥施用折纯量,2019
10354,吉林省,227.05833542,万吨,农用化肥施用折纯量,2019
10374,黑龙江省,223.26616,万吨,农用化肥施用折纯量,2019
10394,上海市,7.53282277118534,万吨,农用化肥施用折纯量,2019
10414,江苏省,286.21,万吨,农用化肥施用折纯量,2019
10434,浙江省,72.5007,万吨,农用化肥施用折纯量,2019
10454,安徽省,298.022,万吨,农用化肥施用折纯量,2019
10474,福建省,106.263,万吨,农用化肥施用折纯量,2019
10494,江西省,115.571,万吨,农用化肥施用折纯量,2019
10514,山东省,395.3445,万吨,农用化肥施用折纯量,2019
10534,河南省,666.7215,万吨,农用化肥施用折纯量,2019
10554,湖北省,273.8904,万吨,农用化肥施用折纯量,2019
10574,湖南省,229.007809,万吨,农用化肥施用折纯量,2019
10594,广东省,225.7894,万吨,农用化肥施用折纯量,2019
10614,广西壮族自治区,252.0353,万吨,农用化肥施用折纯量,2019
10634,海南省,46.264423,万吨,农用化肥施用折纯量,2019
10654,重庆市,91.08,万吨,农用化肥施用折纯量,2019
10674,四川省,222.7724,万吨,农用化肥施用折纯量,2019
10694,贵州省,83.184013,万吨,农用化肥施用折纯量,2019
10714,云南省,204.0273,万吨,农用化肥施用折纯量,2019
10734,西藏自治区,4.82279,万吨,农用化肥施用折纯量,2019
10754,陕西省,202.5193,万吨,农用化肥施用折纯量,2019
10774,甘肃省,80.88,万吨,农用化肥施用折纯量,2019
10794,青海省,6.19,万吨,农用化肥施用折纯量,2019
10814,宁夏回族自治区,38.4379586786724,万吨,农用化肥施用折纯量,2019
10834,新疆维吾尔自治区,257.7627,万吨,农用化肥施用折纯量,2019
