id,area,value,unit,zb,updatetime
10233,北京市,6.062617,万吨,农用化肥施用折纯量,2020
10253,天津市,15.287268,万吨,农用化肥施用折纯量,2020
10273,河北省,285.706572,万吨,农用化肥施用折纯量,2020
10293,山西省,107.41,万吨,农用化肥施用折纯量,2020
10313,内蒙古自治区,207.694044,万吨,农用化肥施用折纯量,2020
10333,辽宁省,137.568069,万吨,农用化肥施用折纯量,2020
10353,吉林省,225.294537,万吨,农用化肥施用折纯量,2020
10373,黑龙江省,224.216,万吨,农用化肥施用折纯量,2020
10393,上海市,6.89365107060394,万吨,农用化肥施用折纯量,2020
10413,江苏省,280.75,万吨,农用化肥施用折纯量,2020
10433,浙江省,69.6111,万吨,农用化肥施用折纯量,2020
10453,安徽省,289.896886,万吨,农用化肥施用折纯量,2020
10473,福建省,100.8056,万吨,农用化肥施用折纯量,2020
10493,江西省,108.81233,万吨,农用化肥施用折纯量,2020
10513,山东省,380.8797533,万吨,农用化肥施用折纯量,2020
10533,河南省,647.982904,万吨,农用化肥施用折纯量,2020
10553,湖北省,267.323937,万吨,农用化肥施用折纯量,2020
10573,湖南省,223.733122,万吨,农用化肥施用折纯量,2020
10593,广东省,219.7979,万吨,农用化肥施用折纯量,2020
10613,广西壮族自治区,247.85,万吨,农用化肥施用折纯量,2020
10633,海南省,42.609094,万吨,农用化肥施用折纯量,2020
10653,重庆市,89.828683,万吨,农用化肥施用折纯量,2020
10673,四川省,210.8152,万吨,农用化肥施用折纯量,2020
10693,贵州省,78.779532,万吨,农用化肥施用折纯量,2020
10713,云南省,196.651628,万吨,农用化肥施用折纯量,2020
10733,西藏自治区,4.398432,万吨,农用化肥施用折纯量,2020
10753,陕西省,201.9061,万吨,农用化肥施用折纯量,2020
10773,甘肃省,80.356647,万吨,农用化肥施用折纯量,2020
10793,青海省,5.45,万吨,农用化肥施用折纯量,2020
10813,宁夏回族自治区,38.0562,万吨,农用化肥施用折纯量,2020
10833,新疆维吾尔自治区,248.2271,万吨,农用化肥施用折纯量,2020
