id,area,value,unit,zb,updatetime
10232,北京市,6.297146,万吨,农用化肥施用折纯量,2021
10252,天津市,15.657834,万吨,农用化肥施用折纯量,2021
10272,河北省,276.866449,万吨,农用化肥施用折纯量,2021
10292,山西省,105.642374,万吨,农用化肥施用折纯量,2021
10312,内蒙古自治区,241.897715,万吨,农用化肥施用折纯量,2021
10332,辽宁省,135.030264,万吨,农用化肥施用折纯量,2021
10352,吉林省,222.999149,万吨,农用化肥施用折纯量,2021
10372,黑龙江省,238.965617,万吨,农用化肥施用折纯量,2021
10392,上海市,6.59378,万吨,农用化肥施用折纯量,2021
10412,江苏省,275.555099,万吨,农用化肥施用折纯量,2021
10432,浙江省,68.263887,万吨,农用化肥施用折纯量,2021
10452,安徽省,284.726615,万吨,农用化肥施用折纯量,2021
10472,福建省,96.63424,万吨,农用化肥施用折纯量,2021
10492,江西省,108.586514,万吨,农用化肥施用折纯量,2021
10512,山东省,371.028992,万吨,农用化肥施用折纯量,2021
10532,河南省,624.659815,万吨,农用化肥施用折纯量,2021
10552,湖北省,262.623167,万吨,农用化肥施用折纯量,2021
10572,湖南省,219.062741,万吨,农用化肥施用折纯量,2021
10592,广东省,212.871305,万吨,农用化肥施用折纯量,2021
10612,广西壮族自治区,251.892949,万吨,农用化肥施用折纯量,2021
10632,海南省,40.767327,万吨,农用化肥施用折纯量,2021
10652,重庆市,89.053111,万吨,农用化肥施用折纯量,2021
10672,四川省,207.159,万吨,农用化肥施用折纯量,2021
10692,贵州省,75.978297,万吨,农用化肥施用折纯量,2021
10712,云南省,187.328154,万吨,农用化肥施用折纯量,2021
10732,西藏自治区,4.331636,万吨,农用化肥施用折纯量,2021
10752,陕西省,200.7011,万吨,农用化肥施用折纯量,2021
10772,甘肃省,77.054225,万吨,农用化肥施用折纯量,2021
10792,青海省,4.885807,万吨,农用化肥施用折纯量,2021
10812,宁夏回族自治区,37.456361,万吨,农用化肥施用折纯量,2021
10832,新疆维吾尔自治区,240.68646,万吨,农用化肥施用折纯量,2021
