id,area,value,unit,zb,updatetime
10231,北京市,0,万吨,农用化肥施用折纯量,2022
10251,天津市,0,万吨,农用化肥施用折纯量,2022
10271,河北省,0,万吨,农用化肥施用折纯量,2022
10291,山西省,0,万吨,农用化肥施用折纯量,2022
10311,内蒙古自治区,0,万吨,农用化肥施用折纯量,2022
10331,辽宁省,0,万吨,农用化肥施用折纯量,2022
10351,吉林省,0,万吨,农用化肥施用折纯量,2022
10371,黑龙江省,0,万吨,农用化肥施用折纯量,2022
10391,上海市,0,万吨,农用化肥施用折纯量,2022
10411,江苏省,0,万吨,农用化肥施用折纯量,2022
10431,浙江省,0,万吨,农用化肥施用折纯量,2022
10451,安徽省,0,万吨,农用化肥施用折纯量,2022
10471,福建省,0,万吨,农用化肥施用折纯量,2022
10491,江西省,0,万吨,农用化肥施用折纯量,2022
10511,山东省,0,万吨,农用化肥施用折纯量,2022
10531,河南省,0,万吨,农用化肥施用折纯量,2022
10551,湖北省,0,万吨,农用化肥施用折纯量,2022
10571,湖南省,0,万吨,农用化肥施用折纯量,2022
10591,广东省,0,万吨,农用化肥施用折纯量,2022
10611,广西壮族自治区,0,万吨,农用化肥施用折纯量,2022
10631,海南省,0,万吨,农用化肥施用折纯量,2022
10651,重庆市,0,万吨,农用化肥施用折纯量,2022
10671,四川省,0,万吨,农用化肥施用折纯量,2022
10691,贵州省,0,万吨,农用化肥施用折纯量,2022
10711,云南省,0,万吨,农用化肥施用折纯量,2022
10731,西藏自治区,0,万吨,农用化肥施用折纯量,2022
10751,陕西省,0,万吨,农用化肥施用折纯量,2022
10771,甘肃省,0,万吨,农用化肥施用折纯量,2022
10791,青海省,0,万吨,农用化肥施用折纯量,2022
10811,宁夏回族自治区,0,万吨,农用化肥施用折纯量,2022
10831,新疆维吾尔自治区,0,万吨,农用化肥施用折纯量,2022
