id,area,value,unit,zb,updatetime
9630,北京市,178.9,千公顷,有效灌溉面积,2003
9650,天津市,354.09,千公顷,有效灌溉面积,2003
9670,河北省,4403.99,千公顷,有效灌溉面积,2003
9690,山西省,1095.25,千公顷,有效灌溉面积,2003
9710,内蒙古自治区,2568.54,千公顷,有效灌溉面积,2003
9730,辽宁省,1512.83,千公顷,有效灌溉面积,2003
9750,吉林省,1545.52,千公顷,有效灌溉面积,2003
9770,黑龙江省,2111.53,千公顷,有效灌溉面积,2003
9790,上海市,257.31,千公顷,有效灌溉面积,2003
9810,江苏省,3840.98,千公顷,有效灌溉面积,2003
9830,浙江省,1403.8,千公顷,有效灌溉面积,2003
9850,安徽省,3285.38,千公顷,有效灌溉面积,2003
9870,福建省,939.95,千公顷,有效灌溉面积,2003
9890,江西省,1873.16,千公顷,有效灌溉面积,2003
9910,山东省,4760.79,千公顷,有效灌溉面积,2003
9930,河南省,4792.22,千公顷,有效灌溉面积,2003
9950,湖北省,2043.69,千公顷,有效灌溉面积,2003
9970,湖南省,2675.34,千公顷,有效灌溉面积,2003
9990,广东省,1315.93,千公顷,有效灌溉面积,2003
10010,广西壮族自治区,1516.67,千公顷,有效灌溉面积,2003
10030,海南省,177.27,千公顷,有效灌溉面积,2003
10050,重庆市,649.69,千公顷,有效灌溉面积,2003
10070,四川省,2503.15,千公顷,有效灌溉面积,2003
10090,贵州省,682.71,千公顷,有效灌溉面积,2003
10110,云南省,1457,千公顷,有效灌溉面积,2003
10130,西藏自治区,156.32,千公顷,有效灌溉面积,2003
10150,陕西省,1271.86,千公顷,有效灌溉面积,2003
10170,甘肃省,994.44,千公顷,有效灌溉面积,2003
10190,青海省,181.73,千公顷,有效灌溉面积,2003
10210,宁夏回族自治区,413.19,千公顷,有效灌溉面积,2003
10230,新疆维吾尔自治区,3051,千公顷,有效灌溉面积,2003
