id,area,value,unit,zb,updatetime
9629,北京市,186.67,千公顷,有效灌溉面积,2004
9649,天津市,353.39,千公顷,有效灌溉面积,2004
9669,河北省,4459.76,千公顷,有效灌溉面积,2004
9689,山西省,1088.15,千公顷,有效灌溉面积,2004
9709,内蒙古自治区,2635.94,千公顷,有效灌溉面积,2004
9729,辽宁省,1520.06,千公顷,有效灌溉面积,2004
9749,吉林省,1595.19,千公顷,有效灌溉面积,2004
9769,黑龙江省,2282.11,千公顷,有效灌溉面积,2004
9789,上海市,245.74,千公顷,有效灌溉面积,2004
9809,江苏省,3839.02,千公顷,有效灌溉面积,2004
9829,浙江省,1406.86,千公顷,有效灌溉面积,2004
9849,安徽省,3304.58,千公顷,有效灌溉面积,2004
9869,福建省,941.45,千公顷,有效灌溉面积,2004
9889,江西省,1841.59,千公顷,有效灌溉面积,2004
9909,山东省,4766.81,千公顷,有效灌溉面积,2004
9929,河南省,4829.08,千公顷,有效灌溉面积,2004
9949,湖北省,2071,千公顷,有效灌溉面积,2004
9969,湖南省,2683.28,千公顷,有效灌溉面积,2004
9989,广东省,1312.56,千公顷,有效灌溉面积,2004
10009,广西壮族自治区,1515.99,千公顷,有效灌溉面积,2004
10029,海南省,169.82,千公顷,有效灌溉面积,2004
10049,重庆市,616.79,千公顷,有效灌溉面积,2004
10069,四川省,2503.25,千公顷,有效灌溉面积,2004
10089,贵州省,692.86,千公顷,有效灌溉面积,2004
10109,云南省,1469.4,千公顷,有效灌溉面积,2004
10129,西藏自治区,153.68,千公顷,有效灌溉面积,2004
10149,陕西省,1296.84,千公顷,有效灌溉面积,2004
10169,甘肃省,1003.33,千公顷,有效灌溉面积,2004
10189,青海省,180.3,千公顷,有效灌溉面积,2004
10209,宁夏回族自治区,406.28,千公顷,有效灌溉面积,2004
10229,新疆维吾尔自治区,3106.64,千公顷,有效灌溉面积,2004
