id,area,value,unit,zb,updatetime
9628,北京市,181.47,千公顷,有效灌溉面积,2005
9648,天津市,355.2,千公顷,有效灌溉面积,2005
9668,河北省,4547.75,千公顷,有效灌溉面积,2005
9688,山西省,1088.59,千公顷,有效灌溉面积,2005
9708,内蒙古自治区,2702.19,千公顷,有效灌溉面积,2005
9728,辽宁省,1527.08,千公顷,有效灌溉面积,2005
9748,吉林省,1613.74,千公顷,有效灌溉面积,2005
9768,黑龙江省,2394.07,千公顷,有效灌溉面积,2005
9788,上海市,237.34,千公顷,有效灌溉面积,2005
9808,江苏省,3817.67,千公顷,有效灌溉面积,2005
9828,浙江省,1417.71,千公顷,有效灌溉面积,2005
9848,安徽省,3330.88,千公顷,有效灌溉面积,2005
9868,福建省,949.71,千公顷,有效灌溉面积,2005
9888,江西省,1831.42,千公顷,有效灌溉面积,2005
9908,山东省,4789.96,千公顷,有效灌溉面积,2005
9928,河南省,4864.12,千公顷,有效灌溉面积,2005
9948,湖北省,2064.59,千公顷,有效灌溉面积,2005
9968,湖南省,2690.41,千公顷,有效灌溉面积,2005
9988,广东省,1317.82,千公顷,有效灌溉面积,2005
10008,广西壮族自治区,1519.82,千公顷,有效灌溉面积,2005
10028,海南省,168.266,千公顷,有效灌溉面积,2005
10048,重庆市,618.09,千公顷,有效灌溉面积,2005
10068,四川省,2508.25,千公顷,有效灌溉面积,2005
10088,贵州省,711.64,千公顷,有效灌溉面积,2005
10108,云南省,1485.4,千公顷,有效灌溉面积,2005
10128,西藏自治区,162.59,千公顷,有效灌溉面积,2005
10148,陕西省,1298.84,千公顷,有效灌溉面积,2005
10168,甘肃省,1030.43,千公顷,有效灌溉面积,2005
10188,青海省,176.5,千公顷,有效灌溉面积,2005
10208,宁夏回族自治区,423.533,千公顷,有效灌溉面积,2005
10228,新疆维吾尔自治区,3204.26,千公顷,有效灌溉面积,2005
