id,area,value,unit,zb,updatetime
9627,北京市,181.54,千公顷,有效灌溉面积,2006
9647,天津市,352.25,千公顷,有效灌溉面积,2006
9667,河北省,4569.78,千公顷,有效灌溉面积,2006
9687,山西省,1172.14,千公顷,有效灌溉面积,2006
9707,内蒙古自治区,2759.405,千公顷,有效灌溉面积,2006
9727,辽宁省,1527.1,千公顷,有效灌溉面积,2006
9747,吉林省,1636.39,千公顷,有效灌溉面积,2006
9767,黑龙江省,2648.2,千公顷,有效灌溉面积,2006
9787,上海市,208,千公顷,有效灌溉面积,2006
9807,江苏省,3837.72,千公顷,有效灌溉面积,2006
9827,浙江省,1422.32,千公顷,有效灌溉面积,2006
9847,安徽省,3346.25,千公顷,有效灌溉面积,2006
9867,福建省,951.305,千公顷,有效灌溉面积,2006
9887,江西省,1836.42,千公顷,有效灌溉面积,2006
9907,山东省,4818.16,千公顷,有效灌溉面积,2006
9927,河南省,4918.8,千公顷,有效灌溉面积,2006
9947,湖北省,2056.63,千公顷,有效灌溉面积,2006
9967,湖南省,2696.645,千公顷,有效灌溉面积,2006
9987,广东省,1314.9279,千公顷,有效灌溉面积,2006
10007,广西壮族自治区,1519.19,千公顷,有效灌溉面积,2006
10027,海南省,169.093,千公顷,有效灌溉面积,2006
10047,重庆市,621.32,千公顷,有效灌溉面积,2006
10067,四川省,2486.99,千公顷,有效灌溉面积,2006
10087,贵州省,738.31,千公顷,有效灌溉面积,2006
10107,云南省,1501.25,千公顷,有效灌溉面积,2006
10127,西藏自治区,159.48,千公顷,有效灌溉面积,2006
10147,陕西省,1312.21,千公顷,有效灌溉面积,2006
10167,甘肃省,1050.24,千公顷,有效灌溉面积,2006
10187,青海省,176.32,千公顷,有效灌溉面积,2006
10207,宁夏回族自治区,427.28,千公顷,有效灌溉面积,2006
10227,新疆维吾尔自治区,3334.83,千公顷,有效灌溉面积,2006
