id,area,value,unit,zb,updatetime
9626,北京市,173.571866666667,千公顷,有效灌溉面积,2007
9646,天津市,349.3,千公顷,有效灌溉面积,2007
9666,河北省,4579.02,千公顷,有效灌溉面积,2007
9686,山西省,1255.69,千公顷,有效灌溉面积,2007
9706,内蒙古自治区,2816.62,千公顷,有效灌溉面积,2007
9726,辽宁省,1490.52,千公顷,有效灌溉面积,2007
9746,吉林省,1640.57,千公顷,有效灌溉面积,2007
9766,黑龙江省,2950.26,千公顷,有效灌溉面积,2007
9786,上海市,206.05,千公顷,有效灌溉面积,2007
9806,江苏省,3835.15,千公顷,有效灌溉面积,2007
9826,浙江省,1431.35,千公顷,有效灌溉面积,2007
9846,安徽省,3403.23,千公顷,有效灌溉面积,2007
9866,福建省,952.9,千公顷,有效灌溉面积,2007
9886,江西省,1839.93,千公顷,有效灌溉面积,2007
9906,山东省,4836.78,千公顷,有效灌溉面积,2007
9926,河南省,4955.84,千公顷,有效灌溉面积,2007
9946,湖北省,2095.43,千公顷,有效灌溉面积,2007
9966,湖南省,2696.645,千公顷,有效灌溉面积,2007
9986,广东省,1312.0358,千公顷,有效灌溉面积,2007
10006,广西壮族自治区,1522.27,千公顷,有效灌溉面积,2007
10026,海南省,169.92,千公顷,有效灌溉面积,2007
10046,重庆市,633.67,千公顷,有效灌溉面积,2007
10066,四川省,2499.8,千公顷,有效灌溉面积,2007
10086,贵州省,779.66,千公顷,有效灌溉面积,2007
10106,云南省,1517.1,千公顷,有效灌溉面积,2007
10126,西藏自治区,156.37,千公顷,有效灌溉面积,2007
10146,陕西省,1287.43,千公顷,有效灌溉面积,2007
10166,甘肃省,1063.04,千公顷,有效灌溉面积,2007
10186,青海省,176.59,千公顷,有效灌溉面积,2007
10206,宁夏回族自治区,426.2,千公顷,有效灌溉面积,2007
10226,新疆维吾尔自治区,3465.4,千公顷,有效灌溉面积,2007
