id,area,value,unit,zb,updatetime
9625,北京市,241.66,千公顷,有效灌溉面积,2008
9645,天津市,348.06,千公顷,有效灌溉面积,2008
9665,河北省,4559.243,千公顷,有效灌溉面积,2008
9685,山西省,1254.56,千公顷,有效灌溉面积,2008
9705,内蒙古自治区,2871.26,千公顷,有效灌溉面积,2008
9725,辽宁省,1492.93,千公顷,有效灌溉面积,2008
9745,吉林省,1654.11,千公顷,有效灌溉面积,2008
9765,黑龙江省,3122.51,千公顷,有效灌溉面积,2008
9785,上海市,234.46,千公顷,有效灌溉面积,2008
9805,江苏省,3817.103,千公顷,有效灌溉面积,2008
9825,浙江省,1435.85,千公顷,有效灌溉面积,2008
9845,安徽省,3453.73,千公顷,有效灌溉面积,2008
9865,福建省,955.45,千公顷,有效灌溉面积,2008
9885,江西省,1841.169,千公顷,有效灌溉面积,2008
9905,山东省,4857.477,千公顷,有效灌溉面积,2008
9925,河南省,4989.197,千公顷,有效灌溉面积,2008
9945,湖北省,2330.17,千公顷,有效灌溉面积,2008
9965,湖南省,2708.965,千公顷,有效灌溉面积,2008
9985,广东省,1863.449997,千公顷,有效灌溉面积,2008
10005,广西壮族自治区,1521.447,千公顷,有效灌溉面积,2008
10025,海南省,246.10637,千公顷,有效灌溉面积,2008
10045,重庆市,658.857,千公顷,有效灌溉面积,2008
10065,四川省,2506.692,千公顷,有效灌溉面积,2008
10085,贵州省,917.4329,千公顷,有效灌溉面积,2008
10105,云南省,1536.873,千公顷,有效灌溉面积,2008
10125,西藏自治区,220.6649,千公顷,有效灌溉面积,2008
10145,陕西省,1301.44302,千公顷,有效灌溉面积,2008
10165,甘肃省,1254.7272,千公顷,有效灌溉面积,2008
10185,青海省,251.65,千公顷,有效灌溉面积,2008
10205,宁夏回族自治区,451.94,千公顷,有效灌溉面积,2008
10225,新疆维吾尔自治区,3572.493,千公顷,有效灌溉面积,2008
