id,area,value,unit,zb,updatetime
9624,北京市,218.71,千公顷,有效灌溉面积,2009
9644,天津市,347.38,千公顷,有效灌溉面积,2009
9664,河北省,4552.95,千公顷,有效灌溉面积,2009
9684,山西省,1260.99,千公顷,有效灌溉面积,2009
9704,内蒙古自治区,2949.75,千公顷,有效灌溉面积,2009
9724,辽宁省,1509.575,千公顷,有效灌溉面积,2009
9744,吉林省,1684.8,千公顷,有效灌溉面积,2009
9764,黑龙江省,3405.86,千公顷,有效灌溉面积,2009
9784,上海市,202.32,千公顷,有效灌溉面积,2009
9804,江苏省,3813.655,千公顷,有效灌溉面积,2009
9824,浙江省,1446.37,千公顷,有效灌溉面积,2009
9844,安徽省,3484.078,千公顷,有效灌溉面积,2009
9864,福建省,960.117,千公顷,有效灌溉面积,2009
9884,江西省,1840.432,千公顷,有效灌溉面积,2009
9904,山东省,4896.915,千公顷,有效灌溉面积,2009
9924,河南省,5033.027,千公顷,有效灌溉面积,2009
9944,湖北省,2350.103,千公顷,有效灌溉面积,2009
9964,湖南省,2720.68,千公顷,有效灌溉面积,2009
9984,广东省,1871.091297,千公顷,有效灌溉面积,2009
10004,广西壮族自治区,1522.135,千公顷,有效灌溉面积,2009
10024,海南省,243.17,千公顷,有效灌溉面积,2009
10044,重庆市,672.02,千公顷,有效灌溉面积,2009
10064,四川省,2523.656,千公顷,有效灌溉面积,2009
10084,贵州省,1016.0367,千公顷,有效灌溉面积,2009
10104,云南省,1562.072,千公顷,有效灌溉面积,2009
10124,西藏自治区,235.1486,千公顷,有效灌溉面积,2009
10144,陕西省,1293.336,千公顷,有效灌溉面积,2009
10164,甘肃省,1264.1713,千公顷,有效灌溉面积,2009
10184,青海省,251.67,千公顷,有效灌溉面积,2009
10204,宁夏回族自治区,453.55,千公顷,有效灌溉面积,2009
10224,新疆维吾尔自治区,3675.677,千公顷,有效灌溉面积,2009
