id,area,value,unit,zb,updatetime
9623,北京市,211.42,千公顷,有效灌溉面积,2010
9643,天津市,344.61,千公顷,有效灌溉面积,2010
9663,河北省,4548.01,千公顷,有效灌溉面积,2010
9683,山西省,1274.15,千公顷,有效灌溉面积,2010
9703,内蒙古自治区,3027.5,千公顷,有效灌溉面积,2010
9723,辽宁省,1537.535,千公顷,有效灌溉面积,2010
9743,吉林省,1726.8,千公顷,有效灌溉面积,2010
9763,黑龙江省,3875.22,千公顷,有效灌溉面积,2010
9783,上海市,201,千公顷,有效灌溉面积,2010
9803,江苏省,3819.738,千公顷,有效灌溉面积,2010
9823,浙江省,1450.98,千公顷,有效灌溉面积,2010
9843,安徽省,3519.781,千公顷,有效灌溉面积,2010
9863,福建省,967.5149,千公顷,有效灌溉面积,2010
9883,江西省,1852.394,千公顷,有效灌溉面积,2010
9903,山东省,4955.303,千公顷,有效灌溉面积,2010
9923,河南省,5080.9607,千公顷,有效灌溉面积,2010
9943,湖北省,2379.775,千公顷,有效灌溉面积,2010
9963,湖南省,2738.997,千公顷,有效灌溉面积,2010
9983,广东省,1872.458,千公顷,有效灌溉面积,2010
10003,广西壮族自治区,1523.046,千公顷,有效灌溉面积,2010
10023,海南省,243.79,千公顷,有效灌溉面积,2010
10043,重庆市,685.25,千公顷,有效灌溉面积,2010
10063,四川省,2553.106,千公顷,有效灌溉面积,2010
10083,贵州省,1131.7209,千公顷,有效灌溉面积,2010
10103,云南省,1588.4167,千公顷,有效灌溉面积,2010
10123,西藏自治区,237.0332,千公顷,有效灌溉面积,2010
10143,陕西省,1284.87,千公顷,有效灌溉面积,2010
10163,甘肃省,1278.4456,千公顷,有效灌溉面积,2010
10183,青海省,251.67,千公顷,有效灌溉面积,2010
10203,宁夏回族自治区,464.602,千公顷,有效灌溉面积,2010
10223,新疆维吾尔自治区,3721.601,千公顷,有效灌溉面积,2010
