id,area,value,unit,zb,updatetime
9622,北京市,209.33,千公顷,有效灌溉面积,2011
9642,天津市,338,千公顷,有效灌溉面积,2011
9662,河北省,4596.607,千公顷,有效灌溉面积,2011
9682,山西省,1319.8537,千公顷,有效灌溉面积,2011
9702,内蒙古自治区,3072.39,千公顷,有效灌溉面积,2011
9722,辽宁省,1588.3807,千公顷,有效灌溉面积,2011
9742,吉林省,1807.52,千公顷,有效灌溉面积,2011
9762,黑龙江省,4332.65,千公顷,有效灌溉面积,2011
9782,上海市,199.61,千公顷,有效灌溉面积,2011
9802,江苏省,3817.923,千公顷,有效灌溉面积,2011
9822,浙江省,1456.804,千公顷,有效灌溉面积,2011
9842,安徽省,3547.6516,千公顷,有效灌溉面积,2011
9862,福建省,967.477,千公顷,有效灌溉面积,2011
9882,江西省,1867.67,千公顷,有效灌溉面积,2011
9902,山东省,4986.876,千公顷,有效灌溉面积,2011
9922,河南省,5150.44,千公顷,有效灌溉面积,2011
9942,湖北省,2455.687,千公顷,有效灌溉面积,2011
9962,湖南省,2762.41,千公顷,有效灌溉面积,2011
9982,广东省,1873.16,千公顷,有效灌溉面积,2011
10002,广西壮族自治区,1529.242,千公顷,有效灌溉面积,2011
10022,海南省,247.51,千公顷,有效灌溉面积,2011
10042,重庆市,692.88,千公顷,有效灌溉面积,2011
10062,四川省,2600.75,千公顷,有效灌溉面积,2011
10082,贵州省,1201.192,千公顷,有效灌溉面积,2011
10102,云南省,1634.2394,千公顷,有效灌溉面积,2011
10122,西藏自治区,245.3112,千公顷,有效灌溉面积,2011
10142,陕西省,1274.344,千公顷,有效灌溉面积,2011
10162,甘肃省,1291.8227,千公顷,有效灌溉面积,2011
10182,青海省,251.67,千公顷,有效灌溉面积,2011
10202,宁夏回族自治区,477.59,千公顷,有效灌溉面积,2011
10222,新疆维吾尔自治区,3884.57,千公顷,有效灌溉面积,2011
