id,area,value,unit,zb,updatetime
9621,北京市,207.54,千公顷,有效灌溉面积,2012
9641,天津市,337.04,千公顷,有效灌溉面积,2012
9661,河北省,4603.07,千公顷,有效灌溉面积,2012
9681,山西省,1319.06,千公顷,有效灌溉面积,2012
9701,内蒙古自治区,3125.24,千公顷,有效灌溉面积,2012
9721,辽宁省,1698.82,千公顷,有效灌溉面积,2012
9741,吉林省,1851.87,千公顷,有效灌溉面积,2012
9761,黑龙江省,4776.48,千公顷,有效灌溉面积,2012
9781,上海市,199.02,千公顷,有效灌溉面积,2012
9801,江苏省,3929.72,千公顷,有效灌溉面积,2012
9821,浙江省,1471.02,千公顷,有效灌溉面积,2012
9841,安徽省,3585.09,千公顷,有效灌溉面积,2012
9861,福建省,968.51,千公顷,有效灌溉面积,2012
9881,江西省,1907.06,千公顷,有效灌溉面积,2012
9901,山东省,5058.11,千公顷,有效灌溉面积,2012
9921,河南省,5205.63,千公顷,有效灌溉面积,2012
9941,湖北省,2548.91,千公顷,有效灌溉面积,2012
9961,湖南省,2715.78,千公顷,有效灌溉面积,2012
9981,广东省,1874.44,千公顷,有效灌溉面积,2012
10001,广西壮族自治区,1541.29,千公顷,有效灌溉面积,2012
10021,海南省,256.75,千公顷,有效灌溉面积,2012
10041,重庆市,702.97,千公顷,有效灌溉面积,2012
10061,四川省,2662.65,千公顷,有效灌溉面积,2012
10081,贵州省,1214.57,千公顷,有效灌溉面积,2012
10101,云南省,1677.9,千公顷,有效灌溉面积,2012
10121,西藏自治区,251.04,千公顷,有效灌溉面积,2012
10141,陕西省,1277.18,千公顷,有效灌溉面积,2012
10161,甘肃省,1297.58,千公顷,有效灌溉面积,2012
10181,青海省,251.67,千公顷,有效灌溉面积,2012
10201,宁夏回族自治区,491.35,千公顷,有效灌溉面积,2012
10221,新疆维吾尔自治区,4029.07,千公顷,有效灌溉面积,2012
