id,area,value,unit,zb,updatetime
9620,北京市,153.02,千公顷,有效灌溉面积,2013
9640,天津市,308.87,千公顷,有效灌溉面积,2013
9660,河北省,4349.027328,千公顷,有效灌溉面积,2013
9680,山西省,1382.794,千公顷,有效灌溉面积,2013
9700,内蒙古自治区,2957.76,千公顷,有效灌溉面积,2013
9720,辽宁省,1407.8408,千公顷,有效灌溉面积,2013
9740,吉林省,1510.131667,千公顷,有效灌溉面积,2013
9760,黑龙江省,5342.1169,千公顷,有效灌溉面积,2013
9780,上海市,184.09,千公顷,有效灌溉面积,2013
9800,江苏省,3785.26893,千公顷,有效灌溉面积,2013
9820,浙江省,1409.392193,千公顷,有效灌溉面积,2013
9840,安徽省,4305.530862,千公顷,有效灌溉面积,2013
9860,福建省,1122.419185,千公顷,有效灌溉面积,2013
9880,江西省,1995.604091,千公顷,有效灌溉面积,2013
9900,山东省,4729.03393,千公顷,有效灌溉面积,2013
9920,河南省,4969.105521,千公顷,有效灌溉面积,2013
9940,湖北省,2791.40584,千公顷,有效灌溉面积,2013
9960,湖南省,3084.2982,千公顷,有效灌溉面积,2013
9980,广东省,1770.75708,千公顷,有效灌溉面积,2013
10000,广西壮族自治区,1586.369565,千公顷,有效灌溉面积,2013
10020,海南省,260.9277,千公顷,有效灌溉面积,2013
10040,重庆市,675.1826,千公顷,有效灌溉面积,2013
10060,四川省,2616.538,千公顷,有效灌溉面积,2013
10080,贵州省,926.904001,千公顷,有效灌溉面积,2013
10100,云南省,1660.2684,千公顷,有效灌溉面积,2013
10120,西藏自治区,239.274649,千公顷,有效灌溉面积,2013
10140,陕西省,1209.944,千公顷,有效灌溉面积,2013
10160,甘肃省,1284.0838,千公顷,有效灌溉面积,2013
10180,青海省,186.895,千公顷,有效灌溉面积,2013
10200,宁夏回族自治区,498.56,千公顷,有效灌溉面积,2013
10220,新疆维吾尔自治区,4769.8895,千公顷,有效灌溉面积,2013
