id,area,value,unit,zb,updatetime
9619,北京市,143.11,千公顷,有效灌溉面积,2014
9639,天津市,308.87,千公顷,有效灌溉面积,2014
9659,河北省,4404.224,千公顷,有效灌溉面积,2014
9679,山西省,1408.17,千公顷,有效灌溉面积,2014
9699,内蒙古自治区,3011.88,千公顷,有效灌溉面积,2014
9719,辽宁省,1473.9668,千公顷,有效灌溉面积,2014
9739,吉林省,1628.433667,千公顷,有效灌溉面积,2014
9759,黑龙江省,5305.1961,千公顷,有效灌溉面积,2014
9779,上海市,184.09,千公顷,有效灌溉面积,2014
9799,江苏省,3890.5325,千公顷,有效灌溉面积,2014
9819,浙江省,1425.374322,千公顷,有效灌溉面积,2014
9839,安徽省,4331.692229,千公顷,有效灌溉面积,2014
9859,福建省,1116.12145,千公顷,有效灌溉面积,2014
9879,江西省,2001.573,千公顷,有效灌溉面积,2014
9899,山东省,4901.94968,千公顷,有效灌溉面积,2014
9919,河南省,5101.146786,千公顷,有效灌溉面积,2014
9939,湖北省,2855.322774,千公顷,有效灌溉面积,2014
9959,湖南省,3101.6982,千公顷,有效灌溉面积,2014
9979,广东省,1770.991079,千公顷,有效灌溉面积,2014
9999,广西壮族自治区,1600,千公顷,有效灌溉面积,2014
10019,海南省,259.9237,千公顷,有效灌溉面积,2014
10039,重庆市,677.2626,千公顷,有效灌溉面积,2014
10059,四川省,2666.323,千公顷,有效灌溉面积,2014
10079,贵州省,981.834025,千公顷,有效灌溉面积,2014
10099,云南省,1708.9671,千公顷,有效灌溉面积,2014
10119,西藏自治区,244.028583,千公顷,有效灌溉面积,2014
10139,陕西省,1226.49,千公顷,有效灌溉面积,2014
10159,甘肃省,1297.0619,千公顷,有效灌溉面积,2014
10179,青海省,182.494,千公顷,有效灌溉面积,2014
10199,宁夏回族自治区,498.91,千公顷,有效灌溉面积,2014
10219,新疆维吾尔自治区,4831.8914,千公顷,有效灌溉面积,2014
