id,area,value,unit,zb,updatetime
9618,北京市,137.35,千公顷,有效灌溉面积,2015
9638,天津市,308.871,千公顷,有效灌溉面积,2015
9658,河北省,4447.976,千公顷,有效灌溉面积,2015
9678,山西省,1460.276,千公顷,有效灌溉面积,2015
9698,内蒙古自治区,3086.9,千公顷,有效灌溉面积,2015
9718,辽宁省,1520.3058,千公顷,有效灌溉面积,2015
9738,吉林省,1790.8726,千公顷,有效灌溉面积,2015
9758,黑龙江省,5530.8361,千公顷,有效灌溉面积,2015
9778,上海市,188.21,千公顷,有效灌溉面积,2015
9798,江苏省,3952.5023,千公顷,有效灌溉面积,2015
9818,浙江省,1432.153462,千公顷,有效灌溉面积,2015
9838,安徽省,4400.338631,千公顷,有效灌溉面积,2015
9858,福建省,1061.654002,千公顷,有效灌溉面积,2015
9878,江西省,2027.667,千公顷,有效灌溉面积,2015
9898,山东省,4964.431,千公顷,有效灌溉面积,2015
9918,河南省,5210.643653,千公顷,有效灌溉面积,2015
9938,湖北省,2899.148041,千公顷,有效灌溉面积,2015
9958,湖南省,3113.3182,千公顷,有效灌溉面积,2015
9978,广东省,1771.261236,千公顷,有效灌溉面积,2015
9998,广西壮族自治区,1618.79,千公顷,有效灌溉面积,2015
10018,海南省,263.9937,千公顷,有效灌溉面积,2015
10038,重庆市,687.1926,千公顷,有效灌溉面积,2015
10058,四川省,2735.0857,千公顷,有效灌溉面积,2015
10078,贵州省,1065.431669,千公顷,有效灌溉面积,2015
10098,云南省,1757.7107,千公顷,有效灌溉面积,2015
10118,西藏自治区,247.795,千公顷,有效灌溉面积,2015
10138,陕西省,1236.77,千公顷,有效灌溉面积,2015
10158,甘肃省,1306.7203,千公顷,有效灌溉面积,2015
10178,青海省,196.988,千公顷,有效灌溉面积,2015
10198,宁夏回族自治区,506.53,千公顷,有效灌溉面积,2015
10218,新疆维吾尔自治区,4944.92,千公顷,有效灌溉面积,2015
