id,area,value,unit,zb,updatetime
9617,北京市,128.47,千公顷,有效灌溉面积,2016
9637,天津市,306.62,千公顷,有效灌溉面积,2016
9657,河北省,4457.64,千公顷,有效灌溉面积,2016
9677,山西省,1487.29,千公顷,有效灌溉面积,2016
9697,内蒙古自治区,3131.53,千公顷,有效灌溉面积,2016
9717,辽宁省,1572.99,千公顷,有效灌溉面积,2016
9737,吉林省,1832.17,千公顷,有效灌溉面积,2016
9757,黑龙江省,5932.74,千公顷,有效灌溉面积,2016
9777,上海市,189.81,千公顷,有效灌溉面积,2016
9797,江苏省,4054.07,千公顷,有效灌溉面积,2016
9817,浙江省,1446.31,千公顷,有效灌溉面积,2016
9837,安徽省,4437.46,千公顷,有效灌溉面积,2016
9857,福建省,1055.37,千公顷,有效灌溉面积,2016
9877,江西省,2036.83,千公顷,有效灌溉面积,2016
9897,山东省,5161.16,千公顷,有效灌溉面积,2016
9917,河南省,5242.92,千公顷,有效灌溉面积,2016
9937,湖北省,2905.57,千公顷,有效灌溉面积,2016
9957,湖南省,3132.37,千公顷,有效灌溉面积,2016
9977,广东省,1771.71,千公顷,有效灌溉面积,2016
9997,广西壮族自治区,1646.07,千公顷,有效灌溉面积,2016
10017,海南省,289.95,千公顷,有效灌溉面积,2016
10037,重庆市,690.6,千公顷,有效灌溉面积,2016
10057,四川省,2813.55,千公顷,有效灌溉面积,2016
10077,贵州省,1088.07,千公顷,有效灌溉面积,2016
10097,云南省,1809.39,千公顷,有效灌溉面积,2016
10117,西藏自治区,251.53,千公顷,有效灌溉面积,2016
10137,陕西省,1251.39,千公顷,有效灌溉面积,2016
10157,甘肃省,1317.51,千公顷,有效灌溉面积,2016
10177,青海省,202.35,千公顷,有效灌溉面积,2016
10197,宁夏回族自治区,515.15,千公顷,有效灌溉面积,2016
10217,新疆维吾尔自治区,4982.03,千公顷,有效灌溉面积,2016
