id,area,value,unit,zb,updatetime
9616,北京市,115.479,千公顷,有效灌溉面积,2017
9636,天津市,306.62,千公顷,有效灌溉面积,2017
9656,河北省,4474.67,千公顷,有效灌溉面积,2017
9676,山西省,1511.21,千公顷,有效灌溉面积,2017
9696,内蒙古自治区,3174.83,千公顷,有效灌溉面积,2017
9716,辽宁省,1610.55,千公顷,有效灌溉面积,2017
9736,吉林省,1893.05,千公顷,有效灌溉面积,2017
9756,黑龙江省,6030.97,千公顷,有效灌溉面积,2017
9776,上海市,190.755,千公顷,有效灌溉面积,2017
9796,江苏省,4131.88,千公顷,有效灌溉面积,2017
9816,浙江省,1444.7,千公顷,有效灌溉面积,2017
9836,安徽省,4504.14,千公顷,有效灌溉面积,2017
9856,福建省,1064.838,千公顷,有效灌溉面积,2017
9876,江西省,2039.42,千公顷,有效灌溉面积,2017
9896,山东省,5191.06,千公顷,有效灌溉面积,2017
9916,河南省,5273.63,千公顷,有效灌溉面积,2017
9936,湖北省,2919.17,千公顷,有效灌溉面积,2017
9956,湖南省,3145.87,千公顷,有效灌溉面积,2017
9976,广东省,1774.61,千公顷,有效灌溉面积,2017
9996,广西壮族自治区,1669.87,千公顷,有效灌溉面积,2017
10016,海南省,289.25,千公顷,有效灌溉面积,2017
10036,重庆市,694.26,千公顷,有效灌溉面积,2017
10056,四川省,2873.1,千公顷,有效灌溉面积,2017
10076,贵州省,1114.12,千公顷,有效灌溉面积,2017
10096,云南省,1851.42,千公顷,有效灌溉面积,2017
10116,西藏自治区,261.23,千公顷,有效灌溉面积,2017
10136,陕西省,1263.09,千公顷,有效灌溉面积,2017
10156,甘肃省,1331.43,千公顷,有效灌溉面积,2017
10176,青海省,206.61,千公顷,有效灌溉面积,2017
10196,宁夏回族自治区,511.45,千公顷,有效灌溉面积,2017
10216,新疆维吾尔自治区,4952.29,千公顷,有效灌溉面积,2017
