id,area,value,unit,zb,updatetime
9615,北京市,109.672,千公顷,有效灌溉面积,2018
9635,天津市,304.66,千公顷,有效灌溉面积,2018
9655,河北省,4492.333,千公顷,有效灌溉面积,2018
9675,山西省,1518.68,千公顷,有效灌溉面积,2018
9695,内蒙古自治区,3196.52,千公顷,有效灌溉面积,2018
9715,辽宁省,1619.325,千公顷,有效灌溉面积,2018
9735,吉林省,1893.05,千公顷,有效灌溉面积,2018
9755,黑龙江省,6119.57,千公顷,有效灌溉面积,2018
9775,上海市,190.755,千公顷,有效灌溉面积,2018
9795,江苏省,4179.827,千公顷,有效灌溉面积,2018
9815,浙江省,1440.797,千公顷,有效灌溉面积,2018
9835,安徽省,4538.29,千公顷,有效灌溉面积,2018
9855,福建省,1085.177,千公顷,有效灌溉面积,2018
9875,江西省,2032.016,千公顷,有效灌溉面积,2018
9895,山东省,5235.99,千公顷,有效灌溉面积,2018
9915,河南省,5288.69,千公顷,有效灌溉面积,2018
9935,湖北省,2931.902,千公顷,有效灌溉面积,2018
9955,湖南省,3164.003,千公顷,有效灌溉面积,2018
9975,广东省,1775.206,千公顷,有效灌溉面积,2018
9995,广西壮族自治区,1706.883,千公顷,有效灌溉面积,2018
10015,海南省,290.482,千公顷,有效灌溉面积,2018
10035,重庆市,696.94,千公顷,有效灌溉面积,2018
10055,四川省,2932.544,千公顷,有效灌溉面积,2018
10075,贵州省,1132.243,千公顷,有效灌溉面积,2018
10095,云南省,1898.074,千公顷,有效灌溉面积,2018
10115,西藏自治区,264.533,千公顷,有效灌溉面积,2018
10135,陕西省,1274.99,千公顷,有效灌溉面积,2018
10155,甘肃省,1337.541,千公顷,有效灌溉面积,2018
10175,青海省,214.04,千公顷,有效灌溉面积,2018
10195,宁夏回族自治区,523.447,千公顷,有效灌溉面积,2018
10215,新疆维吾尔自治区,4883.46,千公顷,有效灌溉面积,2018
