id,area,value,unit,zb,updatetime
9614,北京市,109.243,千公顷,有效灌溉面积,2019
9634,天津市,304.798,千公顷,有效灌溉面积,2019
9654,河北省,4482.161,千公顷,有效灌溉面积,2019
9674,山西省,1519.34,千公顷,有效灌溉面积,2019
9694,内蒙古自治区,3199.19,千公顷,有效灌溉面积,2019
9714,辽宁省,1629.175,千公顷,有效灌溉面积,2019
9734,吉林省,1909.501,千公顷,有效灌溉面积,2019
9754,黑龙江省,6177.59,千公顷,有效灌溉面积,2019
9774,上海市,190.755,千公顷,有效灌溉面积,2019
9794,江苏省,4205.443,千公顷,有效灌溉面积,2019
9814,浙江省,1405.427,千公顷,有效灌溉面积,2019
9834,安徽省,4580.836,千公顷,有效灌溉面积,2019
9854,福建省,1076.778,千公顷,有效灌溉面积,2019
9874,江西省,2036.144,千公顷,有效灌溉面积,2019
9894,山东省,5271.366,千公顷,有效灌溉面积,2019
9914,河南省,5328.948,千公顷,有效灌溉面积,2019
9934,湖北省,2968.988,千公顷,有效灌溉面积,2019
9954,湖南省,3176.108,千公顷,有效灌溉面积,2019
9974,广东省,1773.396,千公顷,有效灌溉面积,2019
9994,广西壮族自治区,1713.084,千公顷,有效灌溉面积,2019
10014,海南省,290.627,千公顷,有效灌溉面积,2019
10034,重庆市,697.68,千公顷,有效灌溉面积,2019
10054,四川省,2954.094,千公顷,有效灌溉面积,2019
10074,贵州省,1153.99,千公顷,有效灌溉面积,2019
10094,云南省,1922.492,千公顷,有效灌溉面积,2019
10114,西藏自治区,275.935,千公顷,有效灌溉面积,2019
10134,陕西省,1285.159,千公顷,有效灌溉面积,2019
10154,甘肃省,1328.855,千公顷,有效灌溉面积,2019
10174,青海省,213.327,千公顷,有效灌溉面积,2019
10194,宁夏回族自治区,538.286,千公顷,有效灌溉面积,2019
10214,新疆维吾尔自治区,4959.89,千公顷,有效灌溉面积,2019
