id,area,value,unit,zb,updatetime
9613,北京市,109.35,千公顷,有效灌溉面积,2020
9633,天津市,299.121,千公顷,有效灌溉面积,2020
9653,河北省,4470.028,千公顷,有效灌溉面积,2020
9673,山西省,1517.38,千公顷,有效灌溉面积,2020
9693,内蒙古自治区,3199.12,千公顷,有效灌溉面积,2020
9713,辽宁省,1632.538,千公顷,有效灌溉面积,2020
9733,吉林省,1905.436,千公顷,有效灌溉面积,2020
9753,黑龙江省,6171.605,千公顷,有效灌溉面积,2020
9773,上海市,165.046,千公顷,有效灌溉面积,2020
9793,江苏省,4224.733,千公顷,有效灌溉面积,2020
9813,浙江省,1415.696,千公顷,有效灌溉面积,2020
9833,安徽省,4608.828,千公顷,有效灌溉面积,2020
9853,福建省,1110.42,千公顷,有效灌溉面积,2020
9873,江西省,2038.49,千公顷,有效灌溉面积,2020
9893,山东省,5293.555,千公顷,有效灌溉面积,2020
9913,河南省,5463.067,千公顷,有效灌溉面积,2020
9933,湖北省,3086.043,千公顷,有效灌溉面积,2020
9953,湖南省,3192.903,千公顷,有效灌溉面积,2020
9973,广东省,1776.456,千公顷,有效灌溉面积,2020
9993,广西壮族自治区,1731.03,千公顷,有效灌溉面积,2020
10013,海南省,292.207,千公顷,有效灌溉面积,2020
10033,重庆市,698.32,千公顷,有效灌溉面积,2020
10053,四川省,2992.236,千公顷,有效灌溉面积,2020
10073,贵州省,1165.491,千公顷,有效灌溉面积,2020
10093,云南省,1978.07,千公顷,有效灌溉面积,2020
10113,西藏自治区,282.816,千公顷,有效灌溉面积,2020
10133,陕西省,1336.805,千公顷,有效灌溉面积,2020
10153,甘肃省,1338.597,千公顷,有效灌溉面积,2020
10173,青海省,219.247,千公顷,有效灌溉面积,2020
10193,宁夏回族自治区,552.531,千公顷,有效灌溉面积,2020
10213,新疆维吾尔自治区,4893.35,千公顷,有效灌溉面积,2020
