id,area,value,unit,zb,updatetime
9612,北京市,109.4,千公顷,有效灌溉面积,2021
9632,天津市,299.1,千公顷,有效灌溉面积,2021
9652,河北省,4470,千公顷,有效灌溉面积,2021
9672,山西省,1517.4,千公顷,有效灌溉面积,2021
9692,内蒙古自治区,3199.1,千公顷,有效灌溉面积,2021
9712,辽宁省,1632.5,千公顷,有效灌溉面积,2021
9732,吉林省,1905.4,千公顷,有效灌溉面积,2021
9752,黑龙江省,6171.6,千公顷,有效灌溉面积,2021
9772,上海市,165,千公顷,有效灌溉面积,2021
9792,江苏省,4224.7,千公顷,有效灌溉面积,2021
9812,浙江省,1415.7,千公顷,有效灌溉面积,2021
9832,安徽省,4608.8,千公顷,有效灌溉面积,2021
9852,福建省,1110.4,千公顷,有效灌溉面积,2021
9872,江西省,2038.5,千公顷,有效灌溉面积,2021
9892,山东省,5293.6,千公顷,有效灌溉面积,2021
9912,河南省,5463.1,千公顷,有效灌溉面积,2021
9932,湖北省,3086,千公顷,有效灌溉面积,2021
9952,湖南省,3192.9,千公顷,有效灌溉面积,2021
9972,广东省,1776.5,千公顷,有效灌溉面积,2021
9992,广西壮族自治区,1731,千公顷,有效灌溉面积,2021
10012,海南省,292.2,千公顷,有效灌溉面积,2021
10032,重庆市,698.3,千公顷,有效灌溉面积,2021
10052,四川省,2992.2,千公顷,有效灌溉面积,2021
10072,贵州省,1165.5,千公顷,有效灌溉面积,2021
10092,云南省,1978.1,千公顷,有效灌溉面积,2021
10112,西藏自治区,282.8,千公顷,有效灌溉面积,2021
10132,陕西省,1336.8,千公顷,有效灌溉面积,2021
10152,甘肃省,1338.6,千公顷,有效灌溉面积,2021
10172,青海省,219.2,千公顷,有效灌溉面积,2021
10192,宁夏回族自治区,552.5,千公顷,有效灌溉面积,2021
10212,新疆维吾尔自治区,4893.4,千公顷,有效灌溉面积,2021
