id,area,value,unit,zb,updatetime
9611,北京市,0,千公顷,有效灌溉面积,2022
9631,天津市,0,千公顷,有效灌溉面积,2022
9651,河北省,0,千公顷,有效灌溉面积,2022
9671,山西省,0,千公顷,有效灌溉面积,2022
9691,内蒙古自治区,0,千公顷,有效灌溉面积,2022
9711,辽宁省,0,千公顷,有效灌溉面积,2022
9731,吉林省,0,千公顷,有效灌溉面积,2022
9751,黑龙江省,0,千公顷,有效灌溉面积,2022
9771,上海市,0,千公顷,有效灌溉面积,2022
9791,江苏省,0,千公顷,有效灌溉面积,2022
9811,浙江省,0,千公顷,有效灌溉面积,2022
9831,安徽省,0,千公顷,有效灌溉面积,2022
9851,福建省,0,千公顷,有效灌溉面积,2022
9871,江西省,0,千公顷,有效灌溉面积,2022
9891,山东省,0,千公顷,有效灌溉面积,2022
9911,河南省,0,千公顷,有效灌溉面积,2022
9931,湖北省,0,千公顷,有效灌溉面积,2022
9951,湖南省,0,千公顷,有效灌溉面积,2022
9971,广东省,0,千公顷,有效灌溉面积,2022
9991,广西壮族自治区,0,千公顷,有效灌溉面积,2022
10011,海南省,0,千公顷,有效灌溉面积,2022
10031,重庆市,0,千公顷,有效灌溉面积,2022
10051,四川省,0,千公顷,有效灌溉面积,2022
10071,贵州省,0,千公顷,有效灌溉面积,2022
10091,云南省,0,千公顷,有效灌溉面积,2022
10111,西藏自治区,0,千公顷,有效灌溉面积,2022
10131,陕西省,0,千公顷,有效灌溉面积,2022
10151,甘肃省,0,千公顷,有效灌溉面积,2022
10171,青海省,0,千公顷,有效灌溉面积,2022
10191,宁夏回族自治区,0,千公顷,有效灌溉面积,2022
10211,新疆维吾尔自治区,0,千公顷,有效灌溉面积,2022
